timestamp,open,close,high,low,volume,support,resis
2021-01-01 03:00:00,9.262,9.428,8.0729,8.2776,40444969.81,,
2021-01-02 03:00:00,8.2775,9.89,7.89,9.2037,41542040.61,9.428,9.428
2021-01-03 03:00:00,9.2056,10.5,8.8448,10.1307,37224723.44,9.428,9.89
2021-01-04 03:00:00,10.1453,10.5169,8.7,9.5126,35233997.11,9.428,10.5
2021-01-05 03:00:00,9.5147,10.0441,9.01,9.7084,20433614.97,9.428,10.5169
2021-01-06 03:00:00,9.7126,10.4452,9.4611,10.0679,24556008.75,9.428,10.5169
2021-01-07 03:00:00,10.0679,10.68,9.38,9.6439,23807905.1,9.428,10.5169
2021-01-08 03:00:00,9.6432,9.814,8.7788,9.2998,18487740.39,9.428,10.68
2021-01-09 03:00:00,9.2959,9.815,9.0418,9.7354,11628693.46,9.428,10.68
2021-01-10 03:00:00,9.7354,9.9889,8.6054,9.2911,13493639.61,9.428,10.68
2021-01-11 03:00:00,9.2962,9.32,7.1642,8.2691,39097080.01,9.428,10.68
2021-01-12 03:00:00,8.2736,8.7243,7.9201,8.3078,17770135.49,9.32,10.68
2021-01-13 03:00:00,8.3072,11.4407,7.9833,10.9486,33973317.45,8.7243,10.68
2021-01-14 03:00:00,10.9417,14.68,10.8801,14.4867,50546604.14,8.7243,11.4407
2021-01-15 03:00:00,14.4862,14.9599,11.7619,13.1679,56797246.56,8.7243,14.68
2021-01-16 03:00:00,13.1638,19.4,13.1567,17.9893,80460090.2,8.7243,14.9599
2021-01-17 03:00:00,17.9849,18.2677,16.28,17.0832,50659218.35,8.7243,19.4
2021-01-18 03:00:00,17.0897,18.221,15.7,16.5898,26097571.18,8.7243,19.4
2021-01-19 03:00:00,16.5786,17.49,15.887,16.3933,23747474.38,8.7243,19.4
2021-01-20 03:00:00,16.3951,18.2078,14.79,17.9808,33656669.48,8.7243,19.4
2021-01-21 03:00:00,17.9798,18.15,14.982,15.9818,38983790.86,8.7243,19.4
2021-01-22 03:00:00,15.9837,18.0178,14.7111,17.1207,31458042.07,8.7243,19.4
2021-01-23 03:00:00,17.1243,18.8,16.7951,18.7446,24293114.74,8.7243,19.4
2021-01-24 03:00:00,18.7447,18.7646,17.22,17.9745,15685459.56,8.7243,19.4
2021-01-25 03:00:00,17.9757,19.1,17.069,17.207,19765645.59,8.7243,19.4
2021-01-26 03:00:00,17.2075,17.7844,16.0,17.1013,14031585.41,8.7243,19.4
2021-01-27 03:00:00,17.1115,17.127,15.0316,15.43,18777450.02,8.7243,19.4
2021-01-28 03:00:00,15.435,17.4938,15.2583,16.8643,18773126.13,8.7243,19.4
2021-01-29 03:00:00,16.8716,17.7522,15.9389,16.7968,24085491.74,8.7243,19.4
2021-01-30 03:00:00,16.7995,17.0808,16.1327,16.5349,10071916.92,8.7243,19.4
2021-01-31 03:00:00,16.5423,17.5332,15.6438,16.1128,13322271.39,8.7243,19.4
2021-02-01 03:00:00,16.1153,16.5615,15.5807,16.4385,10427226.81,8.7243,19.4
2021-02-02 03:00:00,16.4401,17.67,15.9813,17.1765,17507006.87,11.4407,19.4
2021-02-03 03:00:00,17.1766,20.9322,16.8,20.8538,28799999.03,14.68,19.4
2021-02-04 03:00:00,20.8588,21.7321,18.57,19.6677,25501882.41,14.9599,20.9322
2021-02-05 03:00:00,19.6682,21.4,19.3472,20.84,17350792.08,16.5615,21.7321
2021-02-06 03:00:00,20.8259,21.399,19.8425,20.3734,11925117.12,16.5615,21.7321
2021-02-07 03:00:00,20.369,20.8031,18.46,19.7345,15159822.49,16.5615,21.7321
2021-02-08 03:00:00,19.7365,23.6969,19.1828,22.9853,25522324.88,16.5615,21.7321
2021-02-09 03:00:00,22.984,24.12,22.2269,23.0846,16067713.73,16.5615,23.6969
2021-02-10 03:00:00,23.089,24.8498,21.8916,23.5821,16612771.89,16.5615,24.12
2021-02-11 03:00:00,23.5784,25.7071,23.2357,25.0224,13943337.77,16.5615,24.8498
2021-02-12 03:00:00,25.0036,29.7272,24.5,28.6555,15767764.9,16.5615,25.7071
2021-02-13 03:00:00,28.6523,30.21,27.2203,27.9364,15559714.6,16.5615,29.7272
2021-02-14 03:00:00,27.9602,29.4142,26.4,26.8724,10698732.39,16.5615,30.21
2021-02-15 03:00:00,26.88,29.5365,23.1555,27.8021,20272317.43,16.5615,30.21
2021-02-16 03:00:00,27.8201,31.0606,26.8002,30.0832,20070860.93,16.5615,30.21
2021-02-17 03:00:00,30.0897,32.4,29.6109,31.9862,14917487.45,16.5615,31.0606
2021-02-18 03:00:00,31.9849,32.5926,30.5453,31.11,7915382.55,16.5615,32.4
2021-02-19 03:00:00,31.11,35.0,29.5,34.824,16536466.18,16.5615,32.5926
2021-02-20 03:00:00,34.8093,42.2848,34.7,38.942,29189715.44,16.5615,35.0
2021-02-21 03:00:00,38.9381,40.6992,38.0,39.5863,15160345.53,16.5615,42.2848
2021-02-22 03:00:00,39.5867,39.7434,30.8104,37.6143,27519472.04,17.67,42.2848
2021-02-23 03:00:00,37.6369,37.8,26.5,34.5325,40437206.88,20.8031,42.2848
2021-02-24 03:00:00,34.5697,36.8,31.1,33.6396,20265938.21,20.8031,42.2848
2021-02-25 03:00:00,33.6315,35.26,30.8582,31.2341,13365957.05,20.8031,42.2848
2021-02-26 03:00:00,31.2282,33.5516,28.0001,31.4362,25275240.2,20.8031,42.2848
2021-02-27 03:00:00,31.4506,35.6618,31.3471,33.4575,20330311.63,20.8031,42.2848
2021-02-28 03:00:00,33.4664,34.56,29.7,33.8,19977135.54,23.6969,42.2848
2021-03-01 03:00:00,33.7964,35.66,33.0149,35.6273,13666144.31,24.12,42.2848
2021-03-02 03:00:00,35.6278,37.9247,34.3777,36.1393,15276420.14,24.8498,42.2848
2021-03-03 03:00:00,36.1485,38.68,36.1031,37.0985,11641704.64,25.7071,42.2848
2021-03-04 03:00:00,37.0661,38.38,34.35,35.2166,11601602.41,29.4142,42.2848
2021-03-05 03:00:00,35.2251,35.2687,31.31,33.6194,15293689.83,29.4142,42.2848
2021-03-06 03:00:00,33.5926,34.1997,32.05,33.3596,6037223.17,29.4142,42.2848
2021-03-07 03:00:00,33.3628,35.2999,33.3628,35.095,6061093.36,29.5365,42.2848
2021-03-08 03:00:00,35.0898,35.5566,33.4053,34.9737,6813802.79,31.0606,42.2848
2021-03-09 03:00:00,34.9867,38.8788,34.5148,38.1882,12891833.92,32.4,42.2848
2021-03-10 03:00:00,38.1845,39.6,36.2181,37.5494,12012623.7,32.5926,42.2848
2021-03-11 03:00:00,37.5534,38.0434,35.8675,36.9026,8664283.5,33.5516,42.2848
2021-03-12 03:00:00,36.8988,37.4995,34.3773,35.9551,6812852.03,33.5516,42.2848
2021-03-13 03:00:00,35.9582,38.2742,34.6873,37.1418,7399275.26,33.5516,40.6992
2021-03-14 03:00:00,37.1308,37.9979,36.2477,36.4427,4741817.09,33.5516,39.7434
2021-03-15 03:00:00,36.4427,38.5636,33.8351,34.2963,10731480.2,33.5516,39.6
2021-03-16 03:00:00,34.2868,35.5422,32.07,35.3987,9126077.86,33.5516,39.6
2021-03-17 03:00:00,35.3981,36.4495,34.3879,36.1036,6842523.37,33.5516,39.6
2021-03-18 03:00:00,36.1157,37.0187,34.9648,35.3399,5558730.76,33.5516,39.6
2021-03-19 03:00:00,35.3399,38.8636,34.6,38.1735,9561406.59,34.1997,39.6
2021-03-20 03:00:00,38.1735,40.1,37.1559,37.2279,8583160.2,34.1997,39.6
2021-03-21 03:00:00,37.2293,38.0995,36.1001,36.6851,6631041.19,34.1997,40.1
2021-03-22 03:00:00,36.6802,37.7803,35.0572,35.2338,6137342.07,34.1997,40.1
2021-03-23 03:00:00,35.2202,36.2896,34.0325,34.2174,5897723.07,34.1997,40.1
2021-03-24 03:00:00,34.1961,36.1468,27.4586,30.2209,13285955.46,34.1997,40.1
2021-03-25 03:00:00,30.2139,31.2676,28.3,29.8059,17474869.14,34.1997,40.1
2021-03-26 03:00:00,29.8059,33.3689,29.7894,33.1782,7973987.37,31.2676,40.1
2021-03-27 03:00:00,33.1607,33.5,31.1119,32.5884,6080754.51,31.2676,40.1
2021-03-28 03:00:00,32.5873,33.2231,31.2276,32.2331,4896790.56,31.2676,40.1
2021-03-29 03:00:00,32.2331,34.714,31.7496,34.3403,6754322.38,31.2676,40.1
2021-03-30 03:00:00,34.3404,34.8,33.4855,33.9778,5489182.37,31.2676,40.1
2021-03-31 03:00:00,33.9778,38.28,33.22,37.0765,14303159.29,31.2676,40.1
2021-04-01 03:00:00,37.0784,38.945,36.0021,37.461,9608182.24,31.2676,40.1
2021-04-02 03:00:00,37.4655,41.4081,36.5721,41.0271,10204662.65,31.2676,40.1
2021-04-03 03:00:00,41.0344,46.8,40.9103,41.3802,18075397.33,31.2676,41.4081
2021-04-04 03:00:00,41.38,45.0858,40.6666,44.3135,8717890.34,31.2676,46.8
2021-04-05 03:00:00,44.3204,45.8694,41.806,45.8003,7991387.42,31.2676,46.8
2021-04-06 03:00:00,45.8,46.2616,41.56,43.35,9415415.87,31.2676,46.8
2021-04-07 03:00:00,43.3547,43.5038,37.69,39.5013,11787515.43,31.2676,46.8
2021-04-08 03:00:00,39.51,41.5999,39.2121,41.334,5879782.79,31.2676,46.8
2021-04-09 03:00:00,41.3248,42.0984,40.0501,40.8085,4356116.29,31.2676,46.8
2021-04-10 03:00:00,40.8085,42.757,39.9777,41.5868,5302312.77,31.2676,46.8
2021-04-11 03:00:00,41.6,41.87,39.9818,41.3196,5023884.47,31.2676,46.8
2021-04-12 03:00:00,41.3133,41.7699,39.3643,40.46,6509499.53,31.2676,46.8
2021-04-13 03:00:00,40.4601,43.3554,39.809,42.9301,9390973.4,31.2676,46.8
2021-04-14 03:00:00,42.9301,44.5594,40.0,42.5171,10710847.58,31.2676,46.8
2021-04-15 03:00:00,42.5217,44.3,41.4046,43.4318,8291327.15,33.2231,46.8
2021-04-16 03:00:00,43.4169,43.8252,40.0007,41.3898,9269576.83,33.2231,46.8
2021-04-17 03:00:00,41.3931,48.36,41.37,42.0577,17205151.16,33.2231,46.8
2021-04-18 03:00:00,42.0568,42.7051,32.0,37.363,25846971.85,34.714,48.36
2021-04-19 03:00:00,37.3623,38.7007,34.0,34.7373,11880828.89,34.8,48.36
2021-04-20 03:00:00,34.7371,35.7508,31.5542,35.4133,14345901.28,38.28,48.36
2021-04-21 03:00:00,35.4112,36.3172,33.0261,33.7953,11604140.78,35.7508,48.36
2021-04-22 03:00:00,33.7714,36.7635,32.8,32.9571,17785821.28,35.7508,48.36
2021-04-23 03:00:00,32.947,33.4998,26.6355,32.2323,25328983.32,35.7508,48.36
2021-04-24 03:00:00,32.2402,32.4026,28.53,28.9629,12019207.5,33.4998,48.36
2021-04-25 03:00:00,28.9819,31.3,28.1,29.83,7392943.065,32.4026,48.36
2021-04-26 03:00:00,29.83,33.473,29.755,33.4,12586853.239,31.3,48.36
2021-04-27 03:00:00,33.396,34.94,33.141,34.845,10126562.837,31.3,48.36
2021-04-28 03:00:00,34.845,35.389,32.566,33.972,9168443.638,31.3,48.36
2021-04-29 03:00:00,33.968,36.0,32.966,35.979,8746880.388,31.3,48.36
2021-04-30 03:00:00,35.979,36.811,35.087,36.522,11153636.937,31.3,48.36
2021-05-01 03:00:00,36.511,37.46,35.8,36.908,7426793.568,31.3,48.36
2021-05-02 03:00:00,36.904,37.179,35.485,36.626,6899280.736,31.3,48.36
2021-05-03 03:00:00,36.62,38.3,36.571,37.25,8437636.158,31.3,48.36
2021-05-04 03:00:00,37.249,37.931,34.366,34.777,13221688.847,31.3,48.36
2021-05-05 03:00:00,34.778,40.761,34.522,40.422,15940781.371,31.3,48.36
2021-05-06 03:00:00,40.423,43.9,37.98,41.588,19626530.967,31.3,48.36
2021-05-07 03:00:00,41.564,42.8,38.34,39.864,13673656.089,31.3,48.36
2021-05-08 03:00:00,39.869,40.646,38.693,39.899,7174506.876,31.3,43.9
2021-05-09 03:00:00,39.898,40.558,38.2,40.3,9941002.399,31.3,43.9
2021-05-10 03:00:00,40.309,41.85,32.059,36.488,15156271.812,31.3,43.9
2021-05-11 03:00:00,36.488,38.683,35.529,38.637,10529252.621,31.3,43.9
2021-05-12 03:00:00,38.638,42.472,33.74,35.128,19203754.059,31.3,43.9
2021-05-13 03:00:00,35.129,41.869,33.0,39.988,32382529.916,31.3,43.9
2021-05-14 03:00:00,39.982,48.0,39.381,47.979,25755875.959,31.3,43.9
2021-05-15 03:00:00,47.97,49.78,42.723,43.643,29713880.387,31.3,48.0
2021-05-16 03:00:00,43.638,46.722,39.277,42.436,19390116.793,33.473,49.78
2021-05-17 03:00:00,42.426,42.471,35.1,38.693,22756823.567,34.94,49.78
2021-05-18 03:00:00,38.691,42.598,37.653,40.595,18784123.607,35.389,49.78
2021-05-19 03:00:00,40.603,41.403,18.0,25.044,76760027.408,36.0,49.78
2021-05-20 03:00:00,25.044,31.288,21.2,28.958,46079545.709,36.811,49.78
2021-05-21 03:00:00,28.944,30.999,20.0,24.399,49259719.832,31.288,49.78
2021-05-22 03:00:00,24.386,24.6,20.314,22.057,32371263.631,30.999,49.78
2021-05-23 03:00:00,22.05,23.465,13.638,17.912,65071228.803,24.6,49.78
2021-05-24 03:00:00,17.913,23.482,17.098,23.261,43581078.152,23.465,49.78
2021-05-25 03:00:00,23.267,24.217,19.65,22.16,34789720.032,23.465,49.78
2021-05-26 03:00:00,22.149,24.771,21.603,24.528,26085513.265,23.465,49.78
2021-05-27 03:00:00,24.529,24.946,21.747,23.982,22582359.517,23.465,49.78
2021-05-28 03:00:00,23.987,26.22,20.0,21.35,40752090.288,23.465,49.78
2021-05-29 03:00:00,21.349,22.319,18.779,19.868,20620470.347,23.465,49.78
2021-05-30 03:00:00,19.881,21.356,18.416,20.465,17307772.375,22.319,49.78
2021-05-31 03:00:00,20.46,23.45,19.06,23.264,21593146.82,21.356,49.78
2021-06-01 03:00:00,23.273,23.539,21.6,22.84,18793956.11,21.356,49.78
2021-06-02 03:00:00,22.84,26.87,22.649,25.916,24489800.102,21.356,49.78
2021-06-03 03:00:00,25.913,28.6,25.673,27.004,22096623.219,21.356,49.78
2021-06-04 03:00:00,27.005,27.019,23.605,24.988,23200131.881,21.356,49.78
2021-06-05 03:00:00,24.991,26.4,22.933,23.771,15159286.356,21.356,46.722
2021-06-06 03:00:00,23.772,24.501,23.433,24.184,8542620.371,21.356,42.598
2021-06-07 03:00:00,24.189,25.283,21.3,21.686,16728777.96,21.356,42.598
2021-06-08 03:00:00,21.686,22.291,19.6,21.65,22854699.756,21.356,41.403
2021-06-09 03:00:00,21.643,23.335,20.361,23.214,17895882.483,21.356,31.288
2021-06-10 03:00:00,23.216,24.6,22.042,22.683,18698941.752,21.356,30.999
2021-06-11 03:00:00,22.68,23.206,20.487,20.95,12851416.712,21.356,28.6
2021-06-12 03:00:00,20.945,21.262,19.5,20.742,12547282.803,21.356,28.6
2021-06-13 03:00:00,20.742,22.412,19.928,22.04,9398764.597,21.262,28.6
2021-06-14 03:00:00,22.041,26.026,21.233,25.858,23122012.59,21.262,28.6
2021-06-15 03:00:00,25.858,26.009,23.514,23.942,17728382.399,21.262,28.6
2021-06-16 03:00:00,23.942,24.584,22.491,23.033,13836266.103,21.262,28.6
2021-06-17 03:00:00,23.028,24.0,22.0,22.533,10290433.237,21.262,28.6
2021-06-18 03:00:00,22.536,22.566,20.205,21.432,10556068.528,21.262,28.6
2021-06-19 03:00:00,21.432,21.632,20.215,20.222,7447145.388,21.262,28.6
2021-06-20 03:00:00,20.221,21.0,18.871,20.617,11045346.054,21.262,28.6
2021-06-21 03:00:00,20.616,20.794,15.35,15.707,27185128.197,21.0,28.6
2021-06-22 03:00:00,15.711,16.936,13.0,14.688,42443370.028,20.794,28.6
2021-06-23 03:00:00,14.684,16.8,13.963,15.792,24268090.268,16.936,28.6
2021-06-24 03:00:00,15.794,16.609,14.724,16.223,14150471.665,16.8,27.019
2021-06-25 03:00:00,16.224,16.742,14.414,14.422,15832639.428,16.609,26.4
2021-06-26 03:00:00,14.424,14.981,13.616,14.511,13921587.238,16.609,26.026
2021-06-27 03:00:00,14.507,15.027,14.03,15.01,10035136.207,14.981,26.026
2021-06-28 03:00:00,15.008,16.026,14.584,15.794,12407568.948,14.981,26.026
2021-06-29 03:00:00,15.793,17.029,15.714,16.3,15069027.291,14.981,26.026
2021-06-30 03:00:00,16.305,16.628,15.086,16.402,13522533.232,14.981,26.026
2021-07-01 03:00:00,16.4,16.411,14.85,15.174,10239264.118,14.981,26.026
2021-07-02 03:00:00,15.173,15.455,14.622,15.289,7898912.744,14.981,26.026
2021-07-03 03:00:00,15.288,15.752,15.019,15.52,7020623.727,14.981,26.026
2021-07-04 03:00:00,15.523,16.575,15.162,15.975,8386779.841,14.981,26.026
2021-07-05 03:00:00,15.974,15.975,14.5,15.228,10609352.577,14.981,26.009
2021-07-06 03:00:00,15.229,16.191,15.194,16.135,12531769.007,14.981,24.584
2021-07-07 03:00:00,16.127,17.668,16.085,16.861,18479476.985,14.981,24.0
2021-07-08 03:00:00,16.862,16.893,14.99,15.317,13613806.663,14.981,22.566
2021-07-09 03:00:00,15.311,15.918,14.82,15.681,8527447.532,14.981,21.632
2021-07-10 03:00:00,15.681,15.999,15.038,15.276,7361515.051,14.981,21.0
2021-07-11 03:00:00,15.277,15.708,15.138,15.495,5220591.256,14.981,20.794
2021-07-12 03:00:00,15.495,15.65,14.381,14.845,7384762.29,14.981,17.668
2021-07-13 03:00:00,14.845,15.099,14.011,14.19,7000669.871,14.981,17.668
2021-07-14 03:00:00,14.191,14.227,13.164,13.801,11240723.808,14.981,17.668
2021-07-15 03:00:00,13.798,14.108,12.739,13.095,11295460.335,14.227,17.668
2021-07-16 03:00:00,13.095,13.313,12.0,12.026,11747810.942,14.108,17.668
2021-07-17 03:00:00,12.025,12.742,11.71,12.294,12685758.457,13.313,17.668
2021-07-18 03:00:00,12.296,12.934,12.258,12.647,8943548.853,12.742,17.668
2021-07-19 03:00:00,12.648,12.735,11.354,11.46,13496594.169,12.742,17.668
2021-07-20 03:00:00,11.463,11.558,10.373,10.958,15411227.688,12.735,17.668
2021-07-21 03:00:00,10.962,12.861,10.673,12.343,20720488.404,11.558,17.668
2021-07-22 03:00:00,12.344,13.37,11.81,13.152,17109976.612,11.558,17.668
2021-07-23 03:00:00,13.154,13.52,12.321,13.401,14319244.955,11.558,17.668
2021-07-24 03:00:00,13.4,14.057,13.123,13.754,13352533.272,11.558,17.668
2021-07-25 03:00:00,13.759,13.827,13.085,13.734,10636601.766,11.558,17.668
2021-07-26 03:00:00,13.732,15.298,13.634,13.925,25704112.204,11.558,17.668
2021-07-27 03:00:00,13.924,14.54,13.349,14.365,16376850.101,11.558,17.668
2021-07-28 03:00:00,14.364,14.762,13.921,14.546,13296413.169,11.558,16.893
2021-07-29 03:00:00,14.542,15.391,14.257,15.254,16761635.313,11.558,15.999
2021-07-30 03:00:00,15.258,15.859,14.404,15.793,12163617.879,11.558,15.999
2021-07-31 03:00:00,15.791,17.018,15.58,16.784,12127994.279,11.558,15.859
2021-08-01 03:00:00,16.779,19.9,16.539,18.418,29839953.331,11.558,17.018
2021-08-02 03:00:00,18.418,18.938,17.555,17.984,17843839.093,11.558,19.9
2021-08-03 03:00:00,17.984,18.546,16.811,17.425,15066105.66,11.558,19.9
2021-08-04 03:00:00,17.426,19.584,17.094,19.15,17035350.579,11.558,19.9
2021-08-05 03:00:00,19.146,19.458,17.861,19.124,17528313.721,11.558,19.9
2021-08-06 03:00:00,19.124,20.8,18.522,20.416,17461334.492,11.558,19.9
2021-08-07 03:00:00,20.417,21.683,20.025,20.963,16386907.83,11.558,20.8
2021-08-08 03:00:00,20.963,21.205,19.192,19.65,11727291.345,11.558,21.683
2021-08-09 03:00:00,19.651,21.267,18.706,20.566,12450237.876,11.558,21.683
2021-08-10 03:00:00,20.566,21.419,20.08,20.616,13345048.98,12.861,21.683
2021-08-11 03:00:00,20.61,22.45,20.54,21.347,17980834.426,13.37,21.683
2021-08-12 03:00:00,21.346,22.314,19.9,20.755,13916627.074,13.52,22.45
2021-08-13 03:00:00,20.759,22.729,20.503,22.723,10079219.543,13.827,22.45
2021-08-14 03:00:00,22.723,23.488,21.771,22.835,12206858.981,13.827,22.729
2021-08-15 03:00:00,22.833,23.33,21.836,23.15,10311557.705,14.54,23.488
2021-08-16 03:00:00,23.15,25.699,22.821,24.432,23210244.18,14.54,23.488
2021-08-17 03:00:00,24.419,27.422,23.01,23.545,29082405.854,14.762,25.699
2021-08-18 03:00:00,23.548,25.183,22.5,23.868,20325842.456,15.391,27.422
2021-08-19 03:00:00,23.868,26.849,23.464,26.582,18955398.089,15.859,27.422
2021-08-20 03:00:00,26.579,28.477,26.066,28.149,18087062.298,17.018,27.422
2021-08-21 03:00:00,28.149,29.351,27.47,27.863,15380800.777,18.546,28.477
2021-08-22 03:00:00,27.861,28.52,26.5,27.685,12726834.131,18.546,29.351
2021-08-23 03:00:00,27.683,28.627,27.312,27.877,12452305.837,18.546,29.351
2021-08-24 03:00:00,27.876,28.172,24.351,25.067,15563782.332,19.458,29.351
2021-08-25 03:00:00,25.07,26.55,24.471,25.982,13580763.063,19.458,29.351
2021-08-26 03:00:00,25.982,26.4,23.46,23.92,12202094.793,20.8,29.351
2021-08-27 03:00:00,23.92,26.79,23.45,26.53,12760582.382,21.205,29.351
2021-08-28 03:00:00,26.53,26.76,25.4,25.96,6962096.43,21.205,29.351
2021-08-29 03:00:00,25.96,26.46,25.24,25.7,5969161.7,21.267,29.351
2021-08-30 03:00:00,25.71,27.58,24.32,26.03,14865324.488,21.419,29.351
2021-08-31 03:00:00,26.05,31.95,25.61,31.35,40601758.669,22.314,29.351
2021-09-01 03:00:00,31.34,33.838,29.6,33.18,26017654.839,22.314,31.95
2021-09-02 03:00:00,33.17,33.2,31.24,31.79,13487628.41,22.729,33.838
2021-09-03 03:00:00,31.78,34.0,30.51,33.57,14346166.884,23.33,33.838
2021-09-04 03:00:00,33.58,34.13,32.0,32.4,7731353.806,23.33,34.0
2021-09-05 03:00:00,32.41,34.78,31.97,34.42,9486930.418,25.183,34.13
2021-09-06 03:00:00,34.43,35.1,32.3,34.35,12428084.43,25.183,34.78
2021-09-07 03:00:00,34.35,35.68,22.66,27.97,40408249.411,25.183,35.1
2021-09-08 03:00:00,27.97,28.88,25.2,27.76,23830480.97,26.4,35.68
2021-09-09 03:00:00,27.76,31.88,27.0,29.82,21170365.5,26.4,35.68
2021-09-10 03:00:00,29.82,32.65,28.0,29.19,27860740.96,26.4,35.68
2021-09-11 03:00:00,29.18,32.1,28.25,31.57,15331069.56,26.4,35.68
2021-09-12 03:00:00,31.57,36.45,30.66,35.79,28871476.13,26.4,35.68
2021-09-13 03:00:00,35.81,38.07,31.5,34.84,49715992.152,26.4,36.45
2021-09-14 03:00:00,34.84,38.77,34.08,37.36,23675929.094,26.4,38.07
2021-09-15 03:00:00,37.35,38.01,35.55,36.47,12212842.72,26.4,38.77
2021-09-16 03:00:00,36.46,36.97,34.0,35.5,13726309.35,26.46,38.77
2021-09-17 03:00:00,35.51,36.94,32.19,33.03,14073919.0,26.46,38.77
2021-09-18 03:00:00,33.04,35.9,32.51,34.87,9990438.88,26.46,38.77
2021-09-19 03:00:00,34.86,34.9,33.01,33.85,7884331.02,27.58,38.77
2021-09-20 03:00:00,33.86,33.91,26.55,28.31,28383483.49,28.88,38.77
2021-09-21 03:00:00,28.31,30.38,25.5,26.39,24316299.56,28.88,38.77
2021-09-22 03:00:00,26.39,32.0,25.91,31.6,18161430.28,28.88,38.77
2021-09-23 03:00:00,31.58,33.6,30.37,33.41,13516616.87,28.88,38.77
2021-09-24 03:00:00,33.42,33.54,27.9,30.79,28521525.89,28.88,38.77
2021-09-25 03:00:00,30.79,32.22,29.41,29.82,13368526.84,28.88,38.77
2021-09-26 03:00:00,29.83,30.06,26.76,28.84,18340714.24,28.88,38.77
2021-09-27 03:00:00,28.84,30.26,27.5,27.71,11094418.1,28.88,38.77
2021-09-28 03:00:00,27.72,28.38,26.14,26.31,9784154.53,28.88,38.77
2021-09-29 03:00:00,26.31,28.59,26.11,27.28,10207287.33,28.38,38.77
2021-09-30 03:00:00,27.28,28.99,27.13,28.62,8201551.44,28.38,38.77
2021-10-01 03:00:00,28.61,32.33,28.5,31.94,13176348.21,28.38,38.77
2021-10-02 03:00:00,31.94,33.39,31.52,32.01,8748363.88,28.38,38.77
2021-10-03 03:00:00,32.01,32.69,31.17,32.11,7871434.22,28.38,38.77
2021-10-04 03:00:00,32.1,32.11,30.04,31.15,9287969.05,28.38,38.77
2021-10-05 03:00:00,31.15,32.16,30.52,31.39,8537858.77,28.38,38.01
2021-10-06 03:00:00,31.39,33.09,29.11,32.19,14373589.09,28.38,36.97
2021-10-07 03:00:00,32.19,35.31,30.93,33.98,20356598.29,28.38,36.94
2021-10-08 03:00:00,33.98,34.49,33.03,33.35,11134583.44,28.38,35.9
2021-10-09 03:00:00,33.36,36.9,33.0,36.33,12546752.37,28.38,35.31
2021-10-10 03:00:00,36.33,37.45,34.13,34.43,13147574.66,28.38,36.9
2021-10-11 03:00:00,34.42,36.09,33.25,34.13,11467492.31,28.38,37.45
2021-10-12 03:00:00,34.12,35.43,32.07,35.17,13326459.4,28.38,37.45
2021-10-13 03:00:00,35.16,43.22,33.57,41.69,36492731.213,28.38,37.45
2021-10-14 03:00:00,41.69,42.54,39.33,40.71,20178003.61,28.38,43.22
2021-10-15 03:00:00,40.69,44.24,39.45,43.28,22085746.426,28.38,43.22
2021-10-16 03:00:00,43.27,44.78,41.26,41.75,13673173.229,28.38,44.24
2021-10-17 03:00:00,41.74,42.87,39.52,42.12,10386680.07,28.38,44.78
2021-10-18 03:00:00,42.11,43.25,40.25,41.17,10911226.84,28.38,44.78
2021-10-19 03:00:00,41.16,41.65,40.01,41.34,8843904.77,28.59,44.78
2021-10-20 03:00:00,41.35,45.22,41.08,44.42,13310248.053,28.99,44.78
2021-10-21 03:00:00,44.41,45.53,41.91,42.84,14782015.916,32.11,45.22
2021-10-22 03:00:00,42.83,46.39,42.68,43.51,16062749.38,32.11,45.53
2021-10-23 03:00:00,43.5,44.79,43.08,43.95,6138290.14,32.11,46.39
2021-10-24 03:00:00,43.94,44.17,41.27,42.31,7260724.06,32.11,46.39
2021-10-25 03:00:00,42.3,44.8,42.11,44.55,7291785.53,32.16,46.39
2021-10-26 03:00:00,44.55,46.0,43.31,44.93,9161833.46,33.09,46.39
2021-10-27 03:00:00,44.93,45.77,38.7,40.44,17560562.15,34.49,46.39
2021-10-28 03:00:00,40.43,43.12,39.81,41.82,11629300.38,34.49,46.39
2021-10-29 03:00:00,41.82,44.35,41.56,44.2,8788034.21,35.43,46.39
2021-10-30 03:00:00,44.19,44.31,42.08,42.73,5254551.32,35.43,46.39
2021-10-31 03:00:00,42.73,43.36,41.01,42.77,6375433.77,35.43,46.39
2021-11-01 03:00:00,42.78,51.57,41.7,49.98,23714028.213,35.43,46.39
2021-11-02 03:00:00,49.98,53.35,48.01,51.66,19822814.528,41.65,51.57
2021-11-03 03:00:00,51.66,54.54,49.07,53.34,17237167.47,41.65,53.35
2021-11-04 03:00:00,53.35,55.09,52.16,53.82,14091354.818,41.65,54.54
2021-11-05 03:00:00,53.83,53.93,50.56,51.76,8742278.8,41.65,55.09
2021-11-06 03:00:00,51.75,52.42,49.0,52.02,8114011.78,41.65,55.09
2021-11-07 03:00:00,52.03,53.53,51.29,52.22,7102199.25,41.65,55.09
2021-11-08 03:00:00,52.22,53.87,51.63,53.36,7797418.81,41.65,55.09
2021-11-09 03:00:00,53.36,53.39,50.52,50.78,10322506.13,43.12,55.09
2021-11-10 03:00:00,50.79,52.08,42.5,46.74,19625912.74,43.12,55.09
2021-11-11 03:00:00,46.74,49.44,45.55,47.44,9323684.55,43.12,55.09
2021-11-12 03:00:00,47.44,47.72,44.04,45.9,10700975.88,43.12,55.09
2021-11-13 03:00:00,45.9,47.55,44.86,47.07,6068714.1,43.12,55.09
2021-11-14 03:00:00,47.07,47.83,45.02,46.39,4667465.13,43.12,55.09
2021-11-15 03:00:00,46.39,47.46,44.5,44.77,6580865.03,43.12,55.09
2021-11-16 03:00:00,44.78,44.78,38.1,40.84,19699792.9,43.12,55.09
2021-11-17 03:00:00,40.84,42.78,38.76,42.75,11336082.44,43.12,55.09
2021-11-18 03:00:00,42.75,43.27,37.53,39.03,14653376.83,42.78,55.09
2021-11-19 03:00:00,39.03,42.28,38.36,41.24,8936329.85,42.78,55.09
2021-11-20 03:00:00,41.23,42.1,39.83,42.1,5821401.36,42.28,55.09
2021-11-21 03:00:00,42.09,43.56,40.64,41.94,6646315.92,42.1,55.09
2021-11-22 03:00:00,41.95,42.16,38.8,39.49,8474290.45,42.1,55.09
2021-11-23 03:00:00,39.48,41.47,38.54,40.78,6985881.02,42.1,55.09
2021-11-24 03:00:00,40.76,40.92,38.04,38.28,7264687.01,41.47,55.09
2021-11-25 03:00:00,38.27,40.93,38.04,39.47,7371944.97,40.92,53.93
2021-11-26 03:00:00,39.48,39.62,33.67,34.56,16596267.73,40.92,53.87
2021-11-27 03:00:00,34.55,36.12,34.43,35.16,6817533.23,39.62,53.87
2021-11-28 03:00:00,35.16,35.85,32.21,35.76,10439305.23,36.12,53.87
2021-11-29 03:00:00,35.75,37.53,35.4,37.1,7442054.72,35.85,53.39
2021-11-30 03:00:00,37.1,39.35,35.28,37.95,9758902.6,35.85,52.08
2021-12-01 03:00:00,37.96,38.78,36.22,36.76,6936636.91,35.85,49.44
2021-12-02 03:00:00,36.76,36.79,35.05,35.75,5653240.06,35.85,47.83
2021-12-03 03:00:00,35.76,36.84,32.56,33.7,9114532.42,35.85,47.83
2021-12-04 03:00:00,33.7,33.86,24.35,29.38,24608037.9,35.85,47.83
2021-12-05 03:00:00,29.38,29.74,26.33,28.31,11536652.53,33.86,47.46
2021-12-06 03:00:00,28.31,28.92,24.84,28.13,16137260.41,29.74,44.78
2021-12-07 03:00:00,28.12,31.49,27.69,30.5,13072414.91,28.92,43.56
2021-12-08 03:00:00,30.49,30.63,28.02,29.84,10373073.12,28.92,43.56
2021-12-09 03:00:00,29.85,30.13,26.8,26.9,9383772.0,28.92,43.56
2021-12-10 03:00:00,26.91,28.43,25.71,26.44,11306697.95,28.92,43.56
2021-12-11 03:00:00,26.44,28.18,25.81,27.81,8148503.07,28.43,43.56
2021-12-12 03:00:00,27.82,30.12,27.31,29.54,5833358.42,28.18,42.16
2021-12-13 03:00:00,29.54,29.87,25.54,25.96,10566935.28,28.18,41.47
2021-12-14 03:00:00,25.97,26.71,25.0,26.15,10443455.71,28.18,40.93
2021-12-15 03:00:00,26.14,28.03,24.27,27.14,13450685.93,26.71,40.93
2021-12-16 03:00:00,27.14,27.84,25.55,26.02,14427194.9,26.71,39.62
2021-12-17 03:00:00,26.02,26.21,24.16,24.64,10403388.65,26.71,39.35
2021-12-18 03:00:00,24.64,25.72,24.21,25.49,7437623.45,26.21,39.35
2021-12-19 03:00:00,25.48,25.86,24.63,24.78,5757699.98,25.72,39.35
2021-12-20 03:00:00,24.78,25.01,23.27,24.07,7053641.28,25.72,39.35
2021-12-21 03:00:00,24.07,25.59,23.74,25.16,7752931.61,25.01,38.78
2021-12-22 03:00:00,25.16,28.23,24.98,27.22,10788179.43,25.01,36.84
2021-12-23 03:00:00,27.23,29.81,26.73,29.16,10938539.93,25.01,36.84
2021-12-24 03:00:00,29.16,29.67,27.83,28.14,6454013.86,25.01,33.86
2021-12-25 03:00:00,28.14,29.12,27.94,28.84,3990671.82,25.01,31.49
2021-12-26 03:00:00,28.86,31.74,28.27,31.32,9409786.98,25.01,31.49
2021-12-27 03:00:00,31.32,32.78,30.83,30.97,8620339.37,25.01,31.74
2021-12-28 03:00:00,30.96,30.97,27.46,27.83,15826935.59,25.01,32.78
2021-12-29 03:00:00,27.84,28.96,26.48,26.82,9578005.6,25.01,32.78
2021-12-30 03:00:00,26.81,28.42,26.17,27.54,7797319.16,25.01,32.78
2021-12-31 03:00:00,27.54,28.12,26.24,26.66,9510787.97,25.01,32.78
2022-01-01 03:00:00,26.67,28.65,26.66,28.6,5227230.45,25.01,32.78
2022-01-02 03:00:00,28.6,30.62,27.82,29.69,8942930.92,25.01,32.78
2022-01-03 03:00:00,29.69,30.88,28.62,30.11,11890491.01,25.01,32.78
2022-01-04 03:00:00,30.1,30.58,28.66,28.69,11149885.08,25.01,32.78
2022-01-05 03:00:00,28.69,30.39,25.05,26.72,14135011.01,25.01,32.78
2022-01-06 03:00:00,26.73,27.36,25.5,26.72,11412775.24,25.01,32.78
2022-01-07 03:00:00,26.72,26.86,24.24,24.9,14333874.43,25.01,32.78
2022-01-08 03:00:00,24.9,25.54,23.12,23.99,9965873.23,25.01,32.78
2022-01-09 03:00:00,23.98,25.32,23.67,24.63,7523995.26,25.01,32.78
2022-01-10 03:00:00,24.63,25.22,22.43,23.72,11667129.55,25.32,32.78
2022-01-11 03:00:00,23.73,26.0,23.48,25.56,9473674.68,25.22,32.78
2022-01-12 03:00:00,25.56,27.58,25.45,27.32,7566219.5,25.22,32.78
2022-01-13 03:00:00,27.33,27.68,25.71,25.79,7656681.93,25.22,32.78
2022-01-14 03:00:00,25.79,27.88,25.53,27.75,9449831.9,25.22,32.78
2022-01-15 03:00:00,27.75,28.41,26.83,27.6,5575781.94,25.22,32.78
2022-01-16 03:00:00,27.6,28.47,27.26,27.7,7073389.72,25.22,32.78
2022-01-17 03:00:00,27.7,27.76,25.1,25.69,8233269.46,25.22,30.97
2022-01-18 03:00:00,25.69,26.07,24.24,25.15,7145666.21,25.22,30.88
2022-01-19 03:00:00,25.15,25.3,23.68,24.05,6462252.41,25.22,30.88
2022-01-20 03:00:00,24.06,25.62,22.84,23.01,6578668.82,25.22,30.88
2022-01-21 03:00:00,23.01,23.48,19.04,19.67,17269209.912,25.22,30.88
2022-01-22 03:00:00,19.66,20.16,16.17,18.27,23239217.068,23.48,30.88
2022-01-23 03:00:00,18.27,19.2,17.73,18.81,11483380.21,20.16,30.88
2022-01-24 03:00:00,18.81,18.82,15.83,18.02,20381626.573,19.2,30.58
2022-01-25 03:00:00,18.02,19.05,17.36,18.31,9945213.12,18.82,30.39
2022-01-26 03:00:00,18.32,20.06,17.51,18.08,14459131.31,18.82,28.47
2022-01-27 03:00:00,18.08,18.42,17.14,18.12,9271719.1,18.82,28.47
2022-01-28 03:00:00,18.12,18.49,17.36,18.34,7390664.94,18.42,28.47
2022-01-29 03:00:00,18.34,19.06,18.08,18.74,4892745.7,18.42,28.47
2022-01-30 03:00:00,18.75,19.0,17.8,18.15,5074979.97,18.42,28.47
2022-01-31 03:00:00,18.15,19.61,17.12,19.37,8316149.9,18.42,28.47
2022-02-01 03:00:00,19.38,20.0,19.15,19.57,8041127.34,18.42,28.47
2022-02-02 03:00:00,19.57,20.58,18.53,18.76,8769960.78,18.42,28.47
2022-02-03 03:00:00,18.77,18.96,17.97,18.92,6622008.64,18.42,28.47
2022-02-04 03:00:00,18.91,20.53,18.71,20.48,9084604.77,18.42,28.47
2022-02-05 03:00:00,20.49,22.29,20.3,21.33,8873091.18,18.42,28.47
2022-02-06 03:00:00,21.32,21.93,20.78,21.91,4783912.16,18.42,27.76
2022-02-07 03:00:00,21.91,22.7,21.39,22.35,9933306.22,18.42,26.07
2022-02-08 03:00:00,22.36,23.19,21.06,21.66,10692150.43,18.42,25.62
2022-02-09 03:00:00,21.66,22.24,21.05,21.94,5280116.45,18.42,25.62
2022-02-10 03:00:00,21.95,22.48,20.49,20.51,9903304.31,18.42,23.48
2022-02-11 03:00:00,20.51,20.73,18.58,18.98,9586582.78,18.42,23.19
2022-02-12 03:00:00,18.98,19.42,18.25,18.82,6512111.12,18.42,23.19
2022-02-13 03:00:00,18.83,19.28,18.38,18.73,4675422.19,18.42,23.19
2022-02-14 03:00:00,18.74,18.95,18.02,18.7,5075585.02,18.42,23.19
2022-02-15 03:00:00,18.7,20.34,18.64,20.16,5428840.64,18.42,23.19
2022-02-16 03:00:00,20.17,20.19,19.05,19.76,5643848.37,18.42,23.19
2022-02-17 03:00:00,19.77,20.01,17.8,18.16,7873044.6,18.49,23.19
2022-02-18 03:00:00,18.17,18.6,17.59,17.82,6205167.39,18.95,23.19
2022-02-19 03:00:00,17.82,18.22,17.34,17.84,3507413.77,18.6,23.19
2022-02-20 03:00:00,17.85,17.87,16.67,16.91,6518197.69,18.22,23.19
2022-02-21 03:00:00,16.91,17.74,16.03,16.18,11178458.24,17.87,23.19
2022-02-22 03:00:00,16.18,16.73,15.8,16.6,8427783.22,17.74,23.19
2022-02-23 03:00:00,16.61,17.51,15.91,15.97,10055911.02,16.73,23.19
2022-02-24 03:00:00,15.97,16.75,14.05,16.16,22293881.528,16.73,23.19
2022-02-25 03:00:00,16.17,17.52,15.78,17.25,8246998.11,16.73,23.19
2022-02-26 03:00:00,17.26,18.78,17.16,18.03,10979780.48,16.73,23.19
2022-02-27 03:00:00,18.03,18.72,17.07,17.5,9879341.39,16.73,23.19
2022-02-28 03:00:00,17.5,19.11,16.62,18.94,14924830.91,16.73,23.19
2022-03-01 03:00:00,18.94,19.56,18.32,18.89,11677345.78,16.73,22.48
2022-03-02 03:00:00,18.9,19.26,18.35,18.61,8422865.21,16.73,22.48
2022-03-03 03:00:00,18.61,18.67,17.77,18.02,7635060.13,16.73,20.73
2022-03-04 03:00:00,18.02,18.06,16.5,16.79,8560042.35,16.73,20.34
2022-03-05 03:00:00,16.79,17.8,16.18,17.33,5101742.9,16.73,20.34
2022-03-06 03:00:00,17.33,17.59,16.51,16.99,5491289.2,16.73,20.34
2022-03-07 03:00:00,16.99,17.14,16.0,16.41,7318888.43,16.73,20.34
2022-03-08 03:00:00,16.41,17.28,16.31,16.97,6275907.39,16.73,20.19
2022-03-09 03:00:00,16.97,18.09,16.88,17.86,5742934.66,16.73,20.01
2022-03-10 03:00:00,17.87,17.93,16.68,16.96,5040333.69,16.73,19.56
2022-03-11 03:00:00,16.97,18.49,16.69,17.69,9499810.42,16.73,19.56
2022-03-12 03:00:00,17.7,18.75,17.68,18.14,6497976.77,16.73,19.56
2022-03-13 03:00:00,18.14,18.4,17.13,17.22,4818274.4,16.73,19.56
2022-03-14 03:00:00,17.22,17.86,17.0,17.7,4696610.2,16.73,19.56
2022-03-15 03:00:00,17.7,18.06,17.05,17.81,4076701.31,16.75,19.56
2022-03-16 03:00:00,17.81,19.19,17.69,19.05,8986827.35,16.75,19.56
2022-03-17 03:00:00,19.05,19.35,18.63,18.75,4721544.69,17.14,19.56
2022-03-18 03:00:00,18.75,19.2,18.13,18.95,4587101.48,17.14,19.56
2022-03-19 03:00:00,18.95,19.79,18.86,19.4,4955267.89,17.14,19.56
2022-03-20 03:00:00,19.4,19.46,18.32,18.65,3665220.06,17.14,19.79
2022-03-21 03:00:00,18.66,19.06,18.4,18.74,4133739.8,17.14,19.79
2022-03-22 03:00:00,18.75,20.48,18.68,20.21,8290773.03,17.14,19.79
2022-03-23 03:00:00,20.22,21.13,19.8,21.02,8218890.14,17.14,20.48
2022-03-24 03:00:00,21.02,21.5,20.25,21.26,7157667.86,17.14,21.13
2022-03-25 03:00:00,21.26,21.38,20.18,20.53,5860263.46,17.14,21.5
2022-03-26 03:00:00,20.54,21.04,20.24,20.91,3152433.21,17.14,21.5
2022-03-27 03:00:00,20.92,22.48,20.71,22.46,5215022.34,17.14,21.5
2022-03-28 03:00:00,22.47,23.33,21.78,21.99,9121823.41,17.28,22.48
2022-03-29 03:00:00,21.99,22.96,21.83,22.42,7738475.52,17.86,23.33
2022-03-30 03:00:00,22.43,23.0,21.62,22.45,7985199.05,17.86,23.33
2022-03-31 03:00:00,22.46,23.06,21.08,21.33,8749758.6,17.86,23.33
2022-04-01 03:00:00,21.33,22.17,20.6,22.07,7952049.94,17.86,23.33
2022-04-02 03:00:00,22.07,23.85,21.95,22.61,10723061.37,17.86,23.33
2022-04-03 03:00:00,22.61,23.57,22.51,23.21,7497259.93,17.86,23.85
2022-04-04 03:00:00,23.21,23.23,21.6,22.89,7444175.86,18.06,23.85
2022-04-05 03:00:00,22.9,23.12,21.68,21.78,6045973.86,19.06,23.85
2022-04-06 03:00:00,21.78,21.82,19.71,19.85,8285158.05,19.06,23.85
2022-04-07 03:00:00,19.84,20.65,19.45,20.4,5000936.99,19.06,23.85
2022-04-08 03:00:00,20.4,20.58,19.14,19.43,4641004.36,19.06,23.85
2022-04-09 03:00:00,19.43,19.83,19.29,19.75,2328439.0,19.06,23.85
2022-04-10 03:00:00,19.76,20.25,19.16,19.22,3716291.3,19.06,23.85
2022-04-11 03:00:00,19.23,19.29,17.0,17.2,7676575.11,19.83,23.85
2022-04-12 03:00:00,17.2,18.04,17.16,17.77,5075204.98,19.29,23.85
2022-04-13 03:00:00,17.77,18.3,17.37,18.2,3723536.86,18.04,23.85
2022-04-14 03:00:00,18.2,18.48,17.47,17.91,3580226.26,18.04,23.85
2022-04-15 03:00:00,17.91,18.43,17.78,18.34,2489380.26,18.04,23.85
2022-04-16 03:00:00,18.35,18.7,18.17,18.61,2340391.42,18.04,23.85
2022-04-17 03:00:00,18.61,18.81,17.65,17.74,2796505.88,18.04,23.85
2022-04-18 03:00:00,17.74,18.36,17.1,18.15,4831063.54,18.04,23.85
2022-04-19 03:00:00,18.16,18.96,18.04,18.88,3242472.57,18.04,23.85
2022-04-20 03:00:00,18.89,19.54,18.54,19.09,5373410.27,18.04,23.85
2022-04-21 03:00:00,19.1,19.68,18.03,18.18,4574629.37,18.04,23.85
2022-04-22 03:00:00,18.17,18.53,18.07,18.28,3634735.07,18.04,23.85
2022-04-23 03:00:00,18.28,19.27,17.96,18.69,3583194.77,18.04,23.57
2022-04-24 03:00:00,18.69,19.16,18.07,18.17,3027438.28,18.04,23.23
2022-04-25 03:00:00,18.17,18.25,17.12,18.1,5316099.45,18.04,23.12
2022-04-26 03:00:00,18.11,18.34,16.4,16.68,5792628.08,18.04,21.82
2022-04-27 03:00:00,16.68,17.27,16.48,16.94,3781290.25,18.04,20.65
2022-04-28 03:00:00,16.94,17.43,16.75,16.99,4260939.1,17.27,20.58
2022-04-29 03:00:00,16.99,17.07,15.99,16.19,4036404.24,17.27,20.25
2022-04-30 03:00:00,16.19,16.45,14.18,14.5,6047042.51,17.07,20.25
2022-05-01 03:00:00,14.5,15.53,14.48,15.36,5066643.89,16.45,19.68
2022-05-02 03:00:00,15.36,15.6,14.56,14.96,5385162.38,15.53,19.68
2022-05-03 03:00:00,14.97,15.23,14.52,14.72,3404204.43,15.53,19.68
2022-05-04 03:00:00,14.73,16.35,14.66,16.34,6243464.14,15.23,19.68
2022-05-05 03:00:00,16.34,16.45,14.02,14.58,9116577.82,15.23,19.68
2022-05-06 03:00:00,14.58,14.67,13.81,14.32,6781078.5,15.23,19.68
2022-05-07 03:00:00,14.33,14.38,13.36,13.75,4305832.068,14.67,19.68
2022-05-08 03:00:00,13.75,13.88,13.03,13.25,7019382.931,14.38,19.68
2022-05-09 03:00:00,13.26,13.49,10.51,10.62,19395824.829,13.88,19.68
2022-05-10 03:00:00,10.63,12.44,10.31,11.36,18906768.511,13.49,19.68
2022-05-11 03:00:00,11.35,11.66,8.06,9.09,31995073.859,12.44,19.68
2022-05-12 03:00:00,9.07,9.52,7.3,8.71,25729345.375,11.66,19.27
2022-05-13 03:00:00,8.7,11.79,8.56,10.46,25890493.66,9.52,19.27
2022-05-14 03:00:00,10.45,11.56,9.76,11.3,15902710.63,9.52,19.16
2022-05-15 03:00:00,11.31,11.87,10.57,11.81,11082707.18,9.52,18.34
2022-05-16 03:00:00,11.81,11.81,10.37,10.63,10051194.44,9.52,18.34
2022-05-17 03:00:00,10.62,11.34,10.43,11.04,8641438.95,9.52,17.43
2022-05-18 03:00:00,11.03,11.17,9.43,9.49,10809076.66,9.52,17.43
2022-05-19 03:00:00,9.49,10.41,9.22,10.03,10352256.32,9.52,17.07
2022-05-20 03:00:00,10.04,10.26,9.45,9.67,8304278.67,9.52,16.45
2022-05-21 03:00:00,9.67,10.1,9.46,10.0,4106354.74,9.52,16.45
2022-05-22 03:00:00,10.0,10.34,9.87,10.16,4485374.89,9.52,16.45
2022-05-23 03:00:00,10.16,10.8,9.8,9.88,9534059.79,9.52,16.45
2022-05-24 03:00:00,9.88,10.27,9.56,10.19,6933332.57,9.52,16.45
2022-05-25 03:00:00,10.19,10.34,9.77,9.87,6770708.75,9.52,16.45
2022-05-26 03:00:00,9.87,10.0,8.82,9.14,13610458.18,9.52,14.67
2022-05-27 03:00:00,9.14,10.0,8.56,9.12,15631681.11,9.52,14.38
2022-05-28 03:00:00,9.12,9.8,8.95,9.65,5955686.38,9.52,13.88
2022-05-29 03:00:00,9.66,10.04,9.33,9.98,5865314.46,9.52,13.49
2022-05-30 03:00:00,9.99,10.79,9.91,10.47,8473368.99,9.52,12.44
2022-05-31 03:00:00,10.47,10.65,9.94,10.35,8792549.01,9.52,11.87
2022-06-01 03:00:00,10.36,10.75,9.26,9.46,10157569.75,9.52,11.87
2022-06-02 03:00:00,9.45,10.13,9.29,9.89,5917176.47,9.8,11.87
2022-06-03 03:00:00,9.88,9.93,9.2,9.37,5185222.06,9.8,11.87
2022-06-04 03:00:00,9.38,9.56,9.14,9.44,2764967.02,9.8,11.87
2022-06-05 03:00:00,9.45,9.56,9.25,9.35,2387500.54,9.56,11.81
2022-06-06 03:00:00,9.35,9.94,9.32,9.51,5016416.01,9.56,11.34
2022-06-07 03:00:00,9.51,9.51,8.84,9.23,5096057.45,9.56,11.17
2022-06-08 03:00:00,9.22,9.4,8.9,9.01,3812382.23,9.51,10.8
2022-06-09 03:00:00,9.01,9.47,8.91,9.24,4879363.93,9.4,10.8
2022-06-10 03:00:00,9.23,9.37,8.52,8.65,6447468.57,9.4,10.8
2022-06-11 03:00:00,8.66,8.85,7.9,8.03,6779329.31,9.37,10.8
2022-06-12 03:00:00,8.04,8.11,7.38,7.41,9340811.88,8.85,10.8
2022-06-13 03:00:00,7.4,7.48,6.36,7.04,18666647.181,8.11,10.79
2022-06-14 03:00:00,7.04,7.56,6.68,7.36,14217216.87,7.48,10.79
2022-06-15 03:00:00,7.36,8.79,6.84,8.49,18683708.96,7.48,10.79
2022-06-16 03:00:00,8.5,8.56,6.97,7.13,11913274.4,7.48,10.79
2022-06-17 03:00:00,7.13,7.47,7.03,7.28,6187728.4,7.48,10.79
2022-06-18 03:00:00,7.28,7.41,6.47,7.05,10420321.76,7.47,10.79
2022-06-19 03:00:00,7.06,7.65,6.76,7.53,7341233.58,7.41,10.79
2022-06-20 03:00:00,7.53,8.02,7.17,7.87,8079205.13,7.41,10.75
2022-06-21 03:00:00,7.88,8.28,7.67,7.77,6447239.03,7.41,10.75
2022-06-22 03:00:00,7.76,7.82,7.35,7.39,5249428.04,7.41,10.13
2022-06-23 03:00:00,7.4,7.82,7.36,7.78,4766745.68,7.41,9.94
2022-06-24 03:00:00,7.78,8.34,7.72,8.18,5534788.24,7.41,9.94
2022-06-25 03:00:00,8.19,8.37,7.79,8.13,3861028.21,7.41,9.94
2022-06-26 03:00:00,8.14,8.49,7.81,7.84,4772371.56,7.41,9.94
2022-06-27 03:00:00,7.84,8.2,7.68,7.74,4689419.47,7.41,9.51
2022-06-28 03:00:00,7.74,8.0,7.26,7.31,6104944.23,7.41,9.47
2022-06-29 03:00:00,7.31,7.44,6.95,7.03,6972853.93,7.41,9.47
2022-06-30 03:00:00,7.04,7.1,6.64,7.06,6917468.18,7.41,9.37
2022-07-01 03:00:00,7.06,7.26,6.54,6.75,7477875.43,7.1,8.85
2022-07-02 03:00:00,6.75,6.91,6.62,6.83,3127372.77,7.1,8.79
2022-07-03 03:00:00,6.83,6.99,6.61,6.85,3092743.9,6.91,8.79
2022-07-04 03:00:00,6.86,7.21,6.66,7.17,4883415.15,6.91,8.79
2022-07-05 03:00:00,7.17,7.23,6.6,6.84,8211754.6,6.91,8.79
2022-07-06 03:00:00,6.84,7.01,6.69,6.93,5792837.78,6.91,8.56
2022-07-07 03:00:00,6.92,7.36,6.88,7.3,6147860.15,6.91,8.49
2022-07-08 03:00:00,7.3,7.46,6.94,7.04,6835377.2,6.91,8.49
2022-07-09 03:00:00,7.04,7.36,7.03,7.25,3537025.96,6.91,8.49
2022-07-10 03:00:00,7.25,7.27,6.76,6.86,4503146.23,6.91,8.49
2022-07-11 03:00:00,6.85,6.91,6.5,6.53,4986347.38,6.91,8.49
2022-07-12 03:00:00,6.53,6.63,6.26,6.28,4787702.68,6.91,8.49
2022-07-13 03:00:00,6.29,6.55,6.0,6.47,6999118.42,6.63,8.49
2022-07-14 03:00:00,6.47,6.77,6.29,6.72,5683331.12,6.55,8.49
2022-07-15 03:00:00,6.73,6.99,6.65,6.79,6331276.95,6.55,8.49
2022-07-16 03:00:00,6.79,7.22,6.56,7.2,6479588.08,6.55,8.49
2022-07-17 03:00:00,7.2,7.33,6.88,6.92,5172727.22,6.55,8.2
2022-07-18 03:00:00,6.91,7.73,6.9,7.66,12596431.22,6.55,8.0
2022-07-19 03:00:00,7.65,8.03,7.49,7.79,14586041.75,6.55,7.73
2022-07-20 03:00:00,7.79,8.08,7.35,7.47,12266325.33,6.55,8.03
2022-07-21 03:00:00,7.47,7.6,7.18,7.53,6317817.35,6.55,8.08
2022-07-22 03:00:00,7.53,7.85,7.26,7.29,7248162.69,6.55,8.08
2022-07-23 03:00:00,7.3,7.49,7.08,7.33,4514593.17,6.55,8.08
2022-07-24 03:00:00,7.32,7.58,7.31,7.4,4842364.46,6.55,8.08
2022-07-25 03:00:00,7.4,7.44,6.74,6.76,7316840.25,6.55,8.08
2022-07-26 03:00:00,6.76,6.79,6.52,6.78,6507781.48,6.55,8.08
2022-07-27 03:00:00,6.78,7.71,6.65,7.68,8439914.15,6.55,8.08
2022-07-28 03:00:00,7.69,8.07,7.46,7.86,12081142.61,6.55,8.08
2022-07-29 03:00:00,7.86,8.43,7.76,8.19,11715078.94,6.55,8.08
2022-07-30 03:00:00,8.18,8.85,8.15,8.21,10970826.27,6.55,8.43
2022-07-31 03:00:00,8.22,9.21,8.08,8.62,12551305.77,6.55,8.85
2022-08-01 03:00:00,8.63,8.99,8.03,8.17,9843579.01,6.55,9.21
2022-08-02 03:00:00,8.18,8.28,7.68,7.93,10097632.4,6.55,9.21
2022-08-03 03:00:00,7.93,8.45,7.68,8.0,7508188.39,6.77,9.21
2022-08-04 03:00:00,8.0,8.28,7.88,8.1,5416271.31,6.79,9.21
2022-08-05 03:00:00,8.1,8.84,8.07,8.8,8360224.87,6.79,9.21
2022-08-06 03:00:00,8.81,8.88,8.48,8.52,5612299.3,6.79,9.21
2022-08-07 03:00:00,8.52,8.93,8.34,8.65,4827855.46,6.79,9.21
2022-08-08 03:00:00,8.65,9.39,8.63,9.27,10473879.27,6.79,9.21
2022-08-09 03:00:00,9.27,9.47,8.64,8.89,9792612.79,6.79,9.39
2022-08-10 03:00:00,8.89,9.65,8.54,9.52,12143248.28,6.79,9.47
2022-08-11 03:00:00,9.53,9.65,9.13,9.2,8899036.11,6.79,9.65
2022-08-12 03:00:00,9.19,9.5,9.03,9.48,6113019.59,6.79,9.65
2022-08-13 03:00:00,9.48,9.68,9.25,9.31,4978042.86,6.79,9.65
2022-08-14 03:00:00,9.31,9.56,8.83,8.96,6244622.85,6.79,9.68
2022-08-15 03:00:00,8.95,9.39,8.62,8.78,7236619.06,6.79,9.68
2022-08-16 03:00:00,8.78,8.95,8.63,8.84,5191605.16,7.71,9.68
2022-08-17 03:00:00,8.84,9.17,8.32,8.37,6653592.91,8.07,9.68
2022-08-18 03:00:00,8.37,8.6,8.0,8.08,4518903.95,8.28,9.68
2022-08-19 03:00:00,8.08,8.1,7.22,7.31,7862959.78,8.28,9.68
2022-08-20 03:00:00,7.3,7.52,7.03,7.22,4731587.73,8.1,9.68
2022-08-21 03:00:00,7.23,7.53,7.16,7.44,3047725.62,7.52,9.68
2022-08-22 03:00:00,7.43,7.45,7.0,7.41,4283982.1,7.52,9.68
2022-08-23 03:00:00,7.4,7.72,7.18,7.64,4831764.65,7.45,9.68
2022-08-24 03:00:00,7.64,7.78,7.41,7.56,3720336.76,7.45,9.68
2022-08-25 03:00:00,7.56,7.76,7.46,7.58,2939414.77,7.45,9.68
2022-08-26 03:00:00,7.58,7.68,6.86,6.93,6009344.97,7.45,9.68
2022-08-27 03:00:00,6.93,7.12,6.8,7.04,4334932.37,7.45,9.68
2022-08-28 03:00:00,7.05,7.15,6.81,6.86,2870607.63,7.12,9.68
2022-08-29 03:00:00,6.86,7.31,6.79,7.27,4881958.91,7.12,9.68
2022-08-30 03:00:00,7.27,7.38,6.88,7.0,5028135.43,7.12,9.68
2022-08-31 03:00:00,7.01,7.29,6.98,7.03,4314442.79,7.12,9.68
2022-09-01 03:00:00,7.03,7.2,6.86,7.18,4554476.61,7.12,9.68
2022-09-02 03:00:00,7.19,7.57,7.12,7.3,5870327.75,7.12,9.68
2022-09-03 03:00:00,7.3,7.31,7.17,7.28,2939572.83,7.12,9.56
2022-09-04 03:00:00,7.29,7.42,7.15,7.37,3798954.38,7.12,9.39
2022-09-05 03:00:00,7.38,7.64,7.26,7.36,5190975.86,7.12,9.17
2022-09-06 03:00:00,7.37,7.7,6.81,6.87,8014227.23,7.12,9.17
2022-09-07 03:00:00,6.88,7.3,6.75,7.2,5657008.11,7.12,8.6
2022-09-08 03:00:00,7.2,7.45,7.03,7.39,6134106.21,7.12,8.1
2022-09-09 03:00:00,7.39,7.94,7.36,7.75,9603978.87,7.12,7.78
2022-09-10 03:00:00,7.76,7.88,7.57,7.77,4854345.6,7.12,7.94
2022-09-11 03:00:00,7.77,7.9,7.54,7.7,4569653.61,7.12,7.94
2022-09-12 03:00:00,7.71,8.05,7.56,7.66,8935374.52,7.12,7.94
2022-09-13 03:00:00,7.67,7.96,7.03,7.06,9252301.09,7.12,8.05
2022-09-14 03:00:00,7.06,7.31,7.01,7.21,5914357.47,7.12,8.05
2022-09-15 03:00:00,7.2,7.24,6.87,6.93,7556924.27,7.12,8.05
2022-09-16 03:00:00,6.94,6.98,6.7,6.9,6058337.4,7.12,8.05
2022-09-17 03:00:00,6.91,7.16,6.9,7.06,3924016.97,6.98,8.05
2022-09-18 03:00:00,7.05,7.06,6.32,6.44,7888082.4,6.98,8.05
2022-09-19 03:00:00,6.45,6.56,6.1,6.39,9255864.1,6.98,8.05
2022-09-20 03:00:00,6.39,6.42,6.17,6.28,5497167.84,6.56,8.05
2022-09-21 03:00:00,6.28,6.58,5.97,6.12,9829632.502,6.42,8.05
2022-09-22 03:00:00,6.12,6.53,6.08,6.45,6063122.51,6.42,8.05
2022-09-23 03:00:00,6.45,6.64,6.19,6.44,9016451.68,6.42,8.05
2022-09-24 03:00:00,6.44,6.51,6.23,6.27,3955623.65,6.42,8.05
2022-09-25 03:00:00,6.27,6.38,6.08,6.2,3734926.28,6.42,8.05
2022-09-26 03:00:00,6.2,6.58,6.15,6.56,8553957.35,6.38,8.05
2022-09-27 03:00:00,6.55,6.8,6.24,6.37,7249174.06,6.38,8.05
2022-09-28 03:00:00,6.37,6.47,6.17,6.38,5452664.8,6.38,8.05
2022-09-29 03:00:00,6.39,6.49,6.26,6.43,5600368.3,6.38,8.05
2022-09-30 03:00:00,6.44,6.58,6.21,6.32,8082261.96,6.38,8.05
2022-10-01 03:00:00,6.33,6.34,6.21,6.27,3450155.56,6.38,8.05
2022-10-02 03:00:00,6.26,6.33,6.13,6.15,3801773.23,6.34,8.05
2022-10-03 03:00:00,6.16,6.41,6.09,6.37,4977131.51,6.33,7.96
2022-10-04 03:00:00,6.37,6.54,6.34,6.5,4072739.41,6.33,7.31
2022-10-05 03:00:00,6.5,6.51,6.27,6.44,4166685.22,6.33,7.24
2022-10-06 03:00:00,6.44,6.52,6.31,6.34,4214865.72,6.33,7.16
2022-10-07 03:00:00,6.34,6.4,6.25,6.33,2949396.86,6.33,7.16
2022-10-08 03:00:00,6.33,6.4,6.26,6.31,1422016.0,6.33,7.06
2022-10-09 03:00:00,6.31,6.5,6.28,6.48,2462447.16,6.33,6.8
2022-10-10 03:00:00,6.48,6.54,6.24,6.25,3764636.2,6.33,6.8
2022-10-11 03:00:00,6.25,6.26,6.13,6.17,3272884.8,6.33,6.8
2022-10-12 03:00:00,6.18,6.25,6.13,6.18,2393433.73,6.26,6.8
2022-10-13 03:00:00,6.18,6.18,5.68,6.11,7380068.704,6.25,6.8
2022-10-14 03:00:00,6.11,6.27,6.01,6.05,3863936.64,6.18,6.8
2022-10-15 03:00:00,6.05,6.1,6.02,6.05,1706785.75,6.18,6.8
2022-10-16 03:00:00,6.05,6.25,6.04,6.18,2485868.92,6.1,6.8
2022-10-17 03:00:00,6.19,6.29,6.12,6.26,3223265.91,6.1,6.8
2022-10-18 03:00:00,6.26,6.3,6.07,6.16,3868946.94,6.1,6.58
2022-10-19 03:00:00,6.16,6.26,6.06,6.1,4401418.42,6.1,6.58
2022-10-20 03:00:00,6.11,6.16,5.82,5.89,5073844.54,6.1,6.58
2022-10-21 03:00:00,5.88,5.9,5.73,5.84,6612206.88,6.1,6.54
2022-10-22 03:00:00,5.83,5.87,5.77,5.85,2971915.78,5.9,6.54
2022-10-23 03:00:00,5.85,5.98,5.75,5.97,2942177.38,5.87,6.54
2022-10-24 03:00:00,5.96,5.99,5.8,5.92,3823238.57,5.87,6.54
2022-10-25 03:00:00,5.91,6.63,5.89,6.43,9006229.17,5.87,6.54
2022-10-26 03:00:00,6.44,6.61,6.41,6.47,6443103.67,5.87,6.63
2022-10-27 03:00:00,6.47,6.65,6.28,6.34,6785956.61,5.87,6.63
2022-10-28 03:00:00,6.33,6.59,6.26,6.52,4911921.1,5.87,6.65
2022-10-29 03:00:00,6.51,6.78,6.49,6.63,6052975.69,5.87,6.65
2022-10-30 03:00:00,6.63,6.75,6.51,6.66,4310912.76,5.87,6.78
2022-10-31 03:00:00,6.65,6.84,6.57,6.62,7120046.35,5.87,6.78
2022-11-01 03:00:00,6.62,6.72,6.45,6.46,3710854.82,5.87,6.84
2022-11-02 03:00:00,6.45,6.53,6.16,6.25,6160529.66,5.87,6.84
2022-11-03 03:00:00,6.26,6.53,6.23,6.41,5454796.72,5.87,6.84
2022-11-04 03:00:00,6.42,7.1,6.38,7.05,9531817.15,5.87,6.84
2022-11-05 03:00:00,7.06,7.25,6.94,7.03,7379052.14,5.87,7.1
2022-11-06 03:00:00,7.03,7.15,6.79,6.81,5716020.12,5.87,7.25
2022-11-07 03:00:00,6.81,7.42,6.65,7.12,9474204.99,5.87,7.25
2022-11-08 03:00:00,7.12,7.2,5.86,6.3,17011590.68,5.87,7.42
2022-11-09 03:00:00,6.3,6.38,5.34,5.41,15523101.01,5.87,7.42
2022-11-10 03:00:00,5.42,6.18,5.32,5.97,12598434.37,5.87,7.42
2022-11-11 03:00:00,5.97,6.05,5.5,5.75,8907098.41,5.87,7.42
2022-11-12 03:00:00,5.75,5.88,5.56,5.77,3603570.5,5.98,7.42
2022-11-13 03:00:00,5.78,5.97,5.62,5.75,5069240.31,5.88,7.42
2022-11-14 03:00:00,5.75,5.9,5.44,5.86,5738361.29,5.88,7.42
2022-11-15 03:00:00,5.87,6.05,5.8,5.92,3301786.7,5.88,7.42
2022-11-16 03:00:00,5.92,6.0,5.61,5.71,3209428.37,5.88,7.42
2022-11-17 03:00:00,5.7,5.73,5.56,5.67,2822106.06,5.88,7.42
2022-11-18 03:00:00,5.68,5.78,5.6,5.65,2187119.21,5.73,7.42
2022-11-19 03:00:00,5.65,5.66,5.53,5.61,1602398.67,5.73,7.42
2022-11-20 03:00:00,5.61,5.66,5.25,5.3,3870989.34,5.66,7.42
2022-11-21 03:00:00,5.3,5.3,5.07,5.18,6524218.75,5.66,7.42
2022-11-22 03:00:00,5.19,5.32,5.0,5.28,5740050.28,5.3,7.42
2022-11-23 03:00:00,5.28,5.49,5.25,5.44,4175250.0,5.3,7.42
2022-11-24 03:00:00,5.43,5.53,5.33,5.39,3739397.2,5.3,7.42
2022-11-25 03:00:00,5.38,5.39,5.25,5.26,2770201.53,5.3,7.42
2022-11-26 03:00:00,5.27,5.46,5.24,5.3,2879533.81,5.3,7.42
2022-11-27 03:00:00,5.3,5.44,5.26,5.3,2262349.07,5.3,7.42
2022-11-28 03:00:00,5.31,5.32,5.06,5.13,5094640.21,5.3,7.2
2022-11-29 03:00:00,5.13,5.35,5.09,5.3,3879496.66,5.3,6.38
2022-11-30 03:00:00,5.3,5.51,5.3,5.46,4722700.97,5.3,6.18
2022-12-01 03:00:00,5.46,5.48,5.32,5.41,4001779.36,5.3,6.05
2022-12-02 03:00:00,5.4,5.69,5.37,5.62,6607178.18,5.3,6.05
2022-12-03 03:00:00,5.62,5.71,5.48,5.49,4453433.15,5.3,6.05
2022-12-04 03:00:00,5.5,5.61,5.49,5.59,2771876.82,5.3,6.05
2022-12-05 03:00:00,5.6,5.73,5.44,5.48,3645172.05,5.3,6.05
2022-12-06 03:00:00,5.48,5.52,5.42,5.5,2713444.43,5.3,6.0
2022-12-07 03:00:00,5.49,5.53,5.24,5.29,5307370.08,5.3,5.78
2022-12-08 03:00:00,5.29,5.47,5.25,5.42,4019638.16,5.3,5.78
2022-12-09 03:00:00,5.42,5.44,5.26,5.3,2687576.39,5.3,5.73
2022-12-10 03:00:00,5.29,5.33,5.26,5.27,1281589.14,5.3,5.73
2022-12-11 03:00:00,5.28,5.33,5.13,5.17,2136325.82,5.3,5.73
2022-12-12 03:00:00,5.16,5.21,5.0,5.17,4090252.3,5.32,5.73
2022-12-13 03:00:00,5.17,5.35,4.99,5.28,5123267.46,5.21,5.73
2022-12-14 03:00:00,5.29,5.358,5.154,5.215,5918542.41,5.21,5.73
2022-12-15 03:00:00,5.214,5.254,5.116,5.23,4122946.05,5.21,5.73
2022-12-16 03:00:00,5.23,5.25,4.52,4.652,7256168.85,5.21,5.73
2022-12-17 03:00:00,4.653,4.724,4.583,4.708,4616715.62,5.21,5.73
2022-12-18 03:00:00,4.709,4.716,4.617,4.657,2749549.56,4.724,5.73
2022-12-19 03:00:00,4.657,4.705,4.41,4.481,4752800.99,4.716,5.73
2022-12-20 03:00:00,4.479,4.653,4.461,4.605,3310151.54,4.705,5.73
2022-12-21 03:00:00,4.606,4.616,4.442,4.485,2732722.13,4.653,5.73
2022-12-22 03:00:00,4.486,4.537,4.37,4.531,2979884.33,4.616,5.73
2022-12-23 03:00:00,4.532,4.546,4.454,4.473,2669853.97,4.537,5.73
2022-12-24 03:00:00,4.473,4.492,4.43,4.452,1305078.13,4.537,5.73
2022-12-25 03:00:00,4.451,4.498,4.396,4.492,1726195.69,4.492,5.73
2022-12-26 03:00:00,4.492,4.578,4.465,4.571,1955878.56,4.492,5.53
2022-12-27 03:00:00,4.571,4.585,4.455,4.478,2694420.81,4.492,5.53
2022-12-28 03:00:00,4.479,4.484,4.24,4.286,5301428.71,4.492,5.47
2022-12-29 03:00:00,4.286,4.355,4.224,4.309,2461379.78,4.484,5.44
2022-12-30 03:00:00,4.308,4.341,4.226,4.324,2037686.16,4.355,5.358
2022-12-31 03:00:00,4.324,4.394,4.298,4.309,1499221.97,4.341,5.358
2023-01-01 03:00:00,4.308,4.387,4.275,4.371,1341743.7,4.341,5.358
2023-01-02 03:00:00,4.371,4.56,4.316,4.492,3164787.56,4.341,5.358
2023-01-03 03:00:00,4.492,4.545,4.462,4.526,1964103.62,4.341,5.358
2023-01-04 03:00:00,4.526,4.689,4.526,4.632,3126367.78,4.341,5.254
2023-01-05 03:00:00,4.631,4.649,4.545,4.62,2923627.93,4.341,5.25
2023-01-06 03:00:00,4.621,4.706,4.552,4.684,3264757.81,4.341,4.724
2023-01-07 03:00:00,4.684,4.705,4.636,4.664,1594150.21,4.341,4.716
2023-01-08 03:00:00,4.665,4.828,4.602,4.826,3227517.66,4.341,4.706
2023-01-09 03:00:00,4.826,5.083,4.8,4.887,6257669.61,4.341,4.828
2023-01-10 03:00:00,4.886,4.97,4.823,4.92,2874898.27,4.341,5.083
2023-01-11 03:00:00,4.92,5.139,4.828,5.135,4492624.63,4.341,5.083
2023-01-12 03:00:00,5.134,5.263,5.015,5.232,5972215.45,4.341,5.139
2023-01-13 03:00:00,5.233,5.424,5.163,5.401,4812544.83,4.341,5.263
2023-01-14 03:00:00,5.401,6.523,5.396,6.026,15720921.5,4.341,5.424
2023-01-15 03:00:00,6.026,6.066,5.771,5.929,5959244.43,4.341,6.523
2023-01-16 03:00:00,5.928,6.087,5.61,5.812,7588428.7,4.341,6.523
2023-01-17 03:00:00,5.812,6.21,5.691,5.956,7799551.36,4.341,6.523
2023-01-18 03:00:00,5.957,6.221,5.564,5.653,9689343.05,4.341,6.523
2023-01-19 03:00:00,5.648,5.848,5.643,5.802,3346968.36,4.341,6.523
2023-01-20 03:00:00,5.802,6.295,5.752,6.247,5373230.43,4.387,6.523
2023-01-21 03:00:00,6.249,6.464,6.007,6.237,8330369.73,4.387,6.523
2023-01-22 03:00:00,6.237,6.457,6.085,6.207,5762744.72,4.545,6.523
2023-01-23 03:00:00,6.207,6.84,6.198,6.56,10282785.38,4.545,6.523
2023-01-24 03:00:00,6.56,6.708,6.117,6.191,6235582.4,4.649,6.84
2023-01-25 03:00:00,6.191,6.563,6.01,6.399,7441471.55,4.649,6.84
2023-01-26 03:00:00,6.4,6.563,6.301,6.472,6830192.66,4.705,6.84
2023-01-27 03:00:00,6.472,6.623,6.27,6.585,5365147.79,4.705,6.84
2023-01-28 03:00:00,6.585,6.664,6.321,6.397,3866647.74,4.828,6.84
2023-01-29 03:00:00,6.396,6.7,6.327,6.611,4745086.65,4.97,6.84
2023-01-30 03:00:00,6.612,6.65,6.02,6.19,5572642.9,4.97,6.84
2023-01-31 03:00:00,6.19,6.33,6.142,6.26,3778549.45,5.139,6.84
2023-02-01 03:00:00,6.26,6.491,6.027,6.467,5790692.06,5.263,6.84
2023-02-02 03:00:00,6.467,6.917,6.451,6.543,8407701.21,5.424,6.84
2023-02-03 03:00:00,6.543,7.126,6.504,7.008,10176943.45,5.848,6.917
2023-02-04 03:00:00,7.008,7.075,6.818,6.873,3786921.97,5.848,7.126
2023-02-05 03:00:00,6.872,6.895,6.513,6.637,5167240.5,5.848,7.126
2023-02-06 03:00:00,6.638,6.789,6.401,6.494,4695000.22,5.848,7.126
2023-02-07 03:00:00,6.494,6.949,6.473,6.941,5490955.62,5.848,7.126
2023-02-08 03:00:00,6.94,7.02,6.615,6.757,4810790.32,5.848,7.126
2023-02-09 03:00:00,6.757,6.976,6.088,6.235,10458985.31,6.295,7.126
2023-02-10 03:00:00,6.235,6.308,6.12,6.186,4981218.12,6.33,7.126
2023-02-11 03:00:00,6.184,6.293,6.158,6.278,1700227.29,6.308,7.126
2023-02-12 03:00:00,6.278,6.387,6.074,6.181,2375027.69,6.293,7.126
2023-02-13 03:00:00,6.18,6.259,5.878,6.143,6431367.53,6.293,7.126
2023-02-14 03:00:00,6.141,6.264,5.95,6.227,5370812.92,6.259,7.126
2023-02-15 03:00:00,6.228,6.618,6.16,6.612,6593492.92,6.259,7.126
2023-02-16 03:00:00,6.612,6.949,6.318,6.327,9174248.37,6.259,7.126
2023-02-17 03:00:00,6.327,7.418,6.291,7.284,18071582.97,6.259,7.126
2023-02-18 03:00:00,7.284,7.375,7.105,7.229,8168832.05,6.259,7.418
2023-02-19 03:00:00,7.23,7.9,7.185,7.438,14912594.12,6.259,7.418
2023-02-20 03:00:00,7.44,7.568,7.25,7.551,7886712.3,6.259,7.9
2023-02-21 03:00:00,7.551,7.575,7.117,7.251,6671197.7,6.259,7.9
2023-02-22 03:00:00,7.251,7.27,6.88,7.186,7597418.57,6.259,7.9
2023-02-23 03:00:00,7.186,7.384,7.015,7.093,5906199.95,6.259,7.9
2023-02-24 03:00:00,7.095,7.146,6.47,6.614,7399291.71,6.259,7.9
2023-02-25 03:00:00,6.614,6.649,6.342,6.544,3497010.8,6.259,7.9
2023-02-26 03:00:00,6.544,6.73,6.503,6.691,3363024.11,6.259,7.9
2023-02-27 03:00:00,6.692,6.785,6.489,6.579,4411661.72,6.259,7.9
2023-02-28 03:00:00,6.58,6.6,6.276,6.347,4169725.04,6.259,7.9
2023-03-01 03:00:00,6.349,6.598,6.306,6.535,4300464.0,6.259,7.9
2023-03-02 03:00:00,6.534,6.56,6.221,6.335,2989319.83,6.259,7.9
2023-03-03 03:00:00,6.335,6.338,5.792,6.037,5503764.91,6.259,7.9
2023-03-04 03:00:00,6.038,6.058,5.73,5.917,2603387.07,6.259,7.9
2023-03-05 03:00:00,5.917,6.066,5.89,5.978,2368080.13,6.058,7.9
2023-03-06 03:00:00,5.977,6.043,5.856,5.92,2790540.69,6.058,7.9
2023-03-07 03:00:00,5.922,6.019,5.74,5.847,4741858.19,6.043,7.9
2023-03-08 03:00:00,5.846,5.943,5.501,5.601,6663332.34,6.019,7.9
2023-03-09 03:00:00,5.6,5.803,5.25,5.385,7590734.25,5.943,7.9
2023-03-10 03:00:00,5.386,5.582,5.15,5.549,9610786.57,5.803,7.9
2023-03-11 03:00:00,5.548,5.678,5.223,5.463,7374280.77,5.582,7.9
2023-03-12 03:00:00,5.463,5.903,5.36,5.895,6697046.08,5.582,7.575
2023-03-13 03:00:00,5.894,6.143,5.706,6.1,10435277.93,5.582,7.575
2023-03-14 03:00:00,6.101,6.537,5.987,6.223,10272410.97,5.582,7.384
2023-03-15 03:00:00,6.22,6.377,5.777,5.874,9060374.0,5.582,7.384
2023-03-16 03:00:00,5.873,6.142,5.758,6.088,5974943.99,5.582,7.146
2023-03-17 03:00:00,6.087,6.631,6.026,6.618,7687668.38,5.582,6.785
2023-03-18 03:00:00,6.617,6.699,6.283,6.313,6601084.28,5.582,6.785
2023-03-19 03:00:00,6.314,6.601,6.312,6.451,4887337.41,5.582,6.785
2023-03-20 03:00:00,6.454,6.485,6.052,6.092,5512709.62,5.582,6.699
2023-03-21 03:00:00,6.091,6.458,6.0,6.363,5510022.95,5.582,6.699
2023-03-22 03:00:00,6.363,6.4,5.911,6.053,6799970.34,5.582,6.699
2023-03-23 03:00:00,6.054,6.421,5.991,6.321,4307141.06,5.582,6.699
2023-03-24 03:00:00,6.321,6.341,5.95,6.021,3721415.5,5.582,6.699
2023-03-25 03:00:00,6.022,6.08,5.83,5.905,2201417.88,5.582,6.699
2023-03-26 03:00:00,5.905,6.107,5.878,6.042,1783486.74,5.582,6.699
2023-03-27 03:00:00,6.044,6.115,5.745,5.867,3393287.18,5.582,6.699
2023-03-28 03:00:00,5.867,6.109,5.787,6.056,2901986.46,5.582,6.699
2023-03-29 03:00:00,6.057,6.285,6.048,6.183,3767888.67,5.582,6.699
2023-03-30 03:00:00,6.183,6.295,6.025,6.122,3863516.22,5.582,6.699
2023-03-31 03:00:00,6.122,6.385,6.101,6.343,4320037.0,5.678,6.699
2023-04-01 03:00:00,6.343,6.393,6.19,6.344,2562358.07,5.903,6.699
2023-04-02 03:00:00,6.344,6.446,6.18,6.263,3027603.59,6.08,6.699
2023-04-03 03:00:00,6.263,6.5,6.09,6.419,5348344.83,6.08,6.699
2023-04-04 03:00:00,6.419,6.533,6.367,6.439,4385744.74,6.08,6.699
2023-04-05 03:00:00,6.437,6.586,6.32,6.406,3707843.14,6.08,6.699
2023-04-06 03:00:00,6.405,6.417,6.256,6.281,2705532.09,6.08,6.699
2023-04-07 03:00:00,6.28,6.318,6.134,6.178,2659031.62,6.08,6.699
2023-04-08 03:00:00,6.178,6.235,6.09,6.13,2071466.55,6.08,6.601
2023-04-09 03:00:00,6.131,6.26,6.097,6.211,2172474.5,6.08,6.586
2023-04-10 03:00:00,6.212,6.313,6.117,6.291,2564574.59,6.08,6.586
2023-04-11 03:00:00,6.29,6.49,6.276,6.415,4183538.72,6.08,6.586
2023-04-12 03:00:00,6.416,6.469,6.214,6.403,4545433.57,6.08,6.586
2023-04-13 03:00:00,6.404,6.65,6.349,6.634,4560331.92,6.08,6.586
2023-04-14 03:00:00,6.634,6.865,6.535,6.731,6593166.92,6.08,6.65
2023-04-15 03:00:00,6.731,6.871,6.633,6.804,3719680.31,6.107,6.865
2023-04-16 03:00:00,6.803,6.883,6.673,6.824,3729598.19,6.109,6.871
2023-04-17 03:00:00,6.824,6.834,6.616,6.696,4193096.98,6.109,6.883
2023-04-18 03:00:00,6.698,7.0,6.571,6.914,5118143.99,6.235,6.883
2023-04-19 03:00:00,6.916,6.92,6.24,6.309,6052908.31,6.235,7.0
2023-04-20 03:00:00,6.309,6.438,6.063,6.111,5249007.89,6.235,7.0
2023-04-21 03:00:00,6.111,6.171,5.777,5.849,4612277.77,6.235,7.0
2023-04-22 03:00:00,5.849,5.978,5.82,5.949,2053514.4,6.171,7.0
2023-04-23 03:00:00,5.949,5.972,5.768,5.906,2377100.04,5.978,7.0
2023-04-24 03:00:00,5.907,6.029,5.8,5.885,2775196.21,5.972,7.0
2023-04-25 03:00:00,5.885,6.012,5.778,5.999,2687822.25,5.972,7.0
2023-04-26 03:00:00,5.999,6.22,5.6,5.852,6083740.49,5.972,7.0
2023-04-27 03:00:00,5.85,6.052,5.831,5.97,3633819.81,5.972,7.0
2023-04-28 03:00:00,5.971,5.981,5.771,5.947,3150009.51,5.972,7.0
2023-04-29 03:00:00,5.947,6.056,5.919,6.041,2093279.06,5.972,7.0
2023-04-30 03:00:00,6.041,6.087,5.844,5.877,2601857.52,5.972,7.0
2023-05-01 03:00:00,5.877,5.909,5.596,5.666,3218928.53,5.972,7.0
2023-05-02 03:00:00,5.666,5.757,5.618,5.713,2302881.33,5.909,7.0
2023-05-03 03:00:00,5.712,5.812,5.55,5.778,2833604.94,5.757,7.0
2023-05-04 03:00:00,5.779,5.798,5.619,5.671,1642330.91,5.757,7.0
2023-05-05 03:00:00,5.671,5.901,5.651,5.847,2688794.26,5.757,7.0
2023-05-06 03:00:00,5.846,5.894,5.584,5.633,2186936.32,5.757,7.0
2023-05-07 03:00:00,5.632,5.7,5.601,5.632,1536706.1,5.757,7.0
2023-05-08 03:00:00,5.632,5.648,5.17,5.369,5071223.12,5.7,7.0
2023-05-09 03:00:00,5.368,5.412,5.291,5.323,2384156.76,5.648,6.92
2023-05-10 03:00:00,5.324,5.523,5.209,5.463,3980709.56,5.412,6.438
2023-05-11 03:00:00,5.463,5.47,5.18,5.278,2732930.39,5.412,6.22
2023-05-12 03:00:00,5.278,5.35,5.117,5.342,2844970.82,5.412,6.22
2023-05-13 03:00:00,5.342,5.396,5.313,5.346,1362265.01,5.35,6.22
2023-05-14 03:00:00,5.347,5.448,5.31,5.347,1414347.84,5.35,6.22
2023-05-15 03:00:00,5.349,5.431,5.267,5.313,2109633.37,5.35,6.22
2023-05-16 03:00:00,5.313,5.337,5.232,5.296,1827920.88,5.35,6.22
2023-05-17 03:00:00,5.297,5.44,5.221,5.422,2843186.06,5.337,6.087
2023-05-18 03:00:00,5.423,5.467,5.246,5.338,2885485.35,5.337,6.087
2023-05-19 03:00:00,5.338,5.393,5.313,5.372,1832422.71,5.337,6.087
2023-05-20 03:00:00,5.372,5.446,5.329,5.409,1506151.33,5.337,6.087
2023-05-21 03:00:00,5.409,5.433,5.242,5.273,1554875.25,5.337,5.909
2023-05-22 03:00:00,5.273,5.337,5.224,5.311,1716607.63,5.337,5.901
2023-05-23 03:00:00,5.312,5.45,5.29,5.401,1761134.4,5.337,5.901
2023-05-24 03:00:00,5.401,5.405,5.196,5.252,2314581.38,5.337,5.901
2023-05-25 03:00:00,5.253,5.297,5.14,5.245,2043413.21,5.337,5.901
2023-05-26 03:00:00,5.245,5.273,5.188,5.245,1672238.06,5.297,5.894
2023-05-27 03:00:00,5.244,5.375,5.231,5.337,1923151.28,5.273,5.7
2023-05-28 03:00:00,5.336,5.561,5.316,5.502,2093452.08,5.273,5.648
2023-05-29 03:00:00,5.502,5.539,5.414,5.459,1871798.74,5.273,5.561
2023-05-30 03:00:00,5.459,5.53,5.407,5.442,2241581.42,5.273,5.561
2023-05-31 03:00:00,5.441,5.463,5.269,5.315,2704545.15,5.273,5.561
2023-06-01 03:00:00,5.315,5.335,5.187,5.206,2320022.58,5.273,5.561
2023-06-02 03:00:00,5.206,5.435,5.16,5.278,2814835.17,5.273,5.561
2023-06-03 03:00:00,5.277,5.341,5.24,5.341,1228101.12,5.273,5.561
2023-06-04 03:00:00,5.341,5.384,5.306,5.314,1791577.75,5.273,5.561
2023-06-05 03:00:00,5.314,5.322,4.9,5.065,5436176.7,5.273,5.561
2023-06-06 03:00:00,5.065,5.27,4.985,5.202,3042165.47,5.273,5.561
2023-06-07 03:00:00,5.202,5.212,4.976,5.024,2788128.22,5.27,5.561
2023-06-08 03:00:00,5.024,5.058,4.977,5.023,2253377.78,5.212,5.561
2023-06-09 03:00:00,5.023,5.07,4.93,4.982,1851425.12,5.058,5.561
2023-06-10 03:00:00,4.982,4.986,4.2,4.517,11793308.25,5.058,5.561
2023-06-11 03:00:00,4.516,4.553,4.424,4.523,2824128.89,4.986,5.561
2023-06-12 03:00:00,4.523,4.556,4.411,4.535,2692091.23,4.553,5.561
2023-06-13 03:00:00,4.535,4.721,4.495,4.627,2663019.47,4.553,5.561
2023-06-14 03:00:00,4.627,4.802,4.505,4.569,3575780.44,4.553,5.561
2023-06-15 03:00:00,4.568,4.62,4.272,4.374,7444659.22,4.553,5.561
2023-06-16 03:00:00,4.375,4.468,4.276,4.422,3261216.97,4.553,5.561
2023-06-17 03:00:00,4.423,4.567,4.396,4.53,2348383.65,4.468,5.561
2023-06-18 03:00:00,4.53,4.667,4.478,4.536,2497125.54,4.468,5.539
2023-06-19 03:00:00,4.537,4.588,4.433,4.53,2442478.42,4.468,5.53
2023-06-20 03:00:00,4.53,4.678,4.374,4.662,3232432.59,4.468,5.463
2023-06-21 03:00:00,4.662,4.92,4.635,4.821,4584261.68,4.468,5.435
2023-06-22 03:00:00,4.821,4.976,4.745,4.825,4144355.55,4.468,5.435
2023-06-23 03:00:00,4.824,5.138,4.82,5.098,4776899.26,4.468,5.384
2023-06-24 03:00:00,5.098,5.139,4.905,5.008,2775434.8,4.468,5.384
2023-06-25 03:00:00,5.008,5.246,5.002,5.194,4469195.22,4.468,5.322
2023-06-26 03:00:00,5.194,5.238,5.0,5.024,5174613.73,4.468,5.27
2023-06-27 03:00:00,5.024,5.154,4.997,5.096,2553579.31,4.468,5.246
2023-06-28 03:00:00,5.095,5.099,4.746,4.879,3414960.81,4.468,5.246
2023-06-29 03:00:00,4.881,5.236,4.87,4.985,4821782.23,4.468,5.246
2023-06-30 03:00:00,4.986,5.2,4.789,5.18,6600936.81,4.468,5.246
2023-07-01 03:00:00,5.18,5.392,5.112,5.351,4991687.74,4.468,5.246
2023-07-02 03:00:00,5.351,5.53,5.224,5.496,4416008.07,4.468,5.392
2023-07-03 03:00:00,5.495,5.635,5.377,5.431,3882932.74,4.468,5.53
2023-07-04 03:00:00,5.429,5.513,5.256,5.348,3200600.98,4.468,5.635
2023-07-05 03:00:00,5.348,5.38,5.117,5.208,2843294.07,4.468,5.635
2023-07-06 03:00:00,5.207,5.368,5.01,5.014,2938752.21,4.468,5.635
2023-07-07 03:00:00,5.015,5.179,4.975,5.119,1988995.87,4.567,5.635
2023-07-08 03:00:00,5.119,5.196,5.055,5.128,1200936.94,4.588,5.635
2023-07-09 03:00:00,5.126,5.16,5.062,5.081,1198821.42,4.588,5.635
2023-07-10 03:00:00,5.081,5.23,4.98,5.131,2539022.61,4.678,5.635
2023-07-11 03:00:00,5.13,5.217,5.089,5.214,1663952.63,4.92,5.635
2023-07-12 03:00:00,5.213,5.31,5.1,5.147,2569152.05,4.976,5.635
2023-07-13 03:00:00,5.146,5.55,5.096,5.545,5509995.96,5.099,5.635
2023-07-14 03:00:00,5.544,5.76,5.3,5.451,6354310.66,5.099,5.635
2023-07-15 03:00:00,5.451,5.564,5.383,5.432,1900188.55,5.099,5.76
2023-07-16 03:00:00,5.432,5.448,5.256,5.311,2128124.43,5.099,5.76
2023-07-17 03:00:00,5.311,5.416,5.173,5.304,3209841.19,5.099,5.76
2023-07-18 03:00:00,5.303,5.391,5.1,5.181,3684193.8,5.099,5.76
2023-07-19 03:00:00,5.179,5.257,5.129,5.193,2323483.99,5.16,5.76
2023-07-20 03:00:00,5.191,5.488,5.184,5.355,3840654.42,5.16,5.76
2023-07-21 03:00:00,5.355,5.71,5.337,5.485,5401854.57,5.16,5.76
2023-07-22 03:00:00,5.486,5.518,5.266,5.314,2248518.21,5.16,5.76
2023-07-23 03:00:00,5.315,5.493,5.275,5.391,2228062.7,5.16,5.76
2023-07-24 03:00:00,5.391,5.416,5.1,5.209,3366607.8,5.16,5.76
2023-07-25 03:00:00,5.21,5.256,5.129,5.175,1752052.61,5.16,5.76
2023-07-26 03:00:00,5.176,5.295,5.117,5.235,1716359.24,5.16,5.76
2023-07-27 03:00:00,5.235,5.336,5.182,5.239,1624000.67,5.16,5.76
2023-07-28 03:00:00,5.239,5.273,5.16,5.219,1745955.05,5.16,5.76
2023-07-29 03:00:00,5.218,5.259,5.204,5.248,840163.33,5.16,5.76
2023-07-30 03:00:00,5.248,5.276,5.1,5.184,1630741.35,5.217,5.76
2023-07-31 03:00:00,5.183,5.261,5.046,5.109,2162179.25,5.217,5.76
2023-08-01 03:00:00,5.109,5.209,4.95,5.208,2583489.21,5.256,5.76
2023-08-02 03:00:00,5.207,5.22,5.012,5.061,1875088.24,5.209,5.76
2023-08-03 03:00:00,5.06,5.075,4.929,4.979,1578703.36,5.209,5.76
2023-08-04 03:00:00,4.978,5.046,4.939,4.993,1321512.55,5.075,5.71
2023-08-05 03:00:00,4.993,4.996,4.929,4.974,694952.49,5.046,5.71
2023-08-06 03:00:00,4.975,5.046,4.959,5.005,1124716.73,4.996,5.71
2023-08-07 03:00:00,5.006,5.049,4.835,4.971,1664265.82,4.996,5.71
2023-08-08 03:00:00,4.971,5.098,4.933,5.059,1388611.45,4.996,5.71
2023-08-09 03:00:00,5.06,5.106,4.997,5.059,1393130.31,4.996,5.71
2023-08-10 03:00:00,5.06,5.067,4.977,5.006,1155363.93,4.996,5.71
2023-08-11 03:00:00,5.005,5.02,4.956,5.007,1022335.23,4.996,5.518
2023-08-12 03:00:00,5.008,5.044,4.997,5.04,817443.05,4.996,5.493
2023-08-13 03:00:00,5.039,5.045,4.968,4.987,1063886.17,4.996,5.416
2023-08-14 03:00:00,4.987,5.058,4.951,4.989,1470525.11,4.996,5.336
2023-08-15 03:00:00,4.989,4.998,4.622,4.818,2154803.35,4.996,5.336
2023-08-16 03:00:00,4.817,4.842,4.531,4.672,2433575.41,4.996,5.336
2023-08-17 03:00:00,4.672,4.982,4.312,4.429,4837864.01,4.842,5.276
2023-08-18 03:00:00,4.429,4.56,4.365,4.51,2973054.24,4.842,5.276
2023-08-19 03:00:00,4.511,4.553,4.454,4.517,992385.44,4.56,5.276
2023-08-20 03:00:00,4.517,4.533,4.466,4.519,1000903.19,4.553,5.261
2023-08-21 03:00:00,4.521,4.537,4.362,4.427,1589298.11,4.533,5.22
2023-08-22 03:00:00,4.427,4.45,4.25,4.423,2514612.21,4.533,5.22
2023-08-23 03:00:00,4.425,4.537,4.378,4.489,2111348.0,4.45,5.106
2023-08-24 03:00:00,4.489,4.517,4.368,4.424,1954030.49,4.45,5.106
2023-08-25 03:00:00,4.422,4.496,4.357,4.49,1865483.14,4.45,5.106
2023-08-26 03:00:00,4.49,4.514,4.476,4.507,1360546.99,4.45,5.106
2023-08-27 03:00:00,4.505,4.544,4.461,4.489,1274702.18,4.45,5.106
2023-08-28 03:00:00,4.489,4.622,4.416,4.61,3101890.05,4.45,5.106
2023-08-29 03:00:00,4.61,4.806,4.54,4.678,4406290.23,4.45,5.106
2023-08-30 03:00:00,4.678,4.68,4.5,4.534,2107999.59,4.45,5.067
2023-08-31 03:00:00,4.535,4.535,4.234,4.271,5159773.24,4.45,5.058
2023-09-01 03:00:00,4.271,4.295,4.136,4.218,3247599.73,4.45,5.058
2023-09-02 03:00:00,4.218,4.274,4.201,4.261,1385184.88,4.295,5.058
2023-09-03 03:00:00,4.262,4.3,4.226,4.259,1249649.68,4.274,5.058
2023-09-04 03:00:00,4.26,4.321,4.193,4.26,2592614.46,4.274,4.998
2023-09-05 03:00:00,4.26,4.303,4.198,4.257,1833680.97,4.274,4.982
2023-09-06 03:00:00,4.257,4.289,4.171,4.272,2292602.88,4.274,4.982
2023-09-07 03:00:00,4.273,4.31,4.235,4.294,2015368.19,4.274,4.806
2023-09-08 03:00:00,4.294,4.332,4.204,4.253,1911730.39,4.274,4.806
2023-09-09 03:00:00,4.253,4.278,4.236,4.236,810888.38,4.274,4.806
2023-09-10 03:00:00,4.236,4.238,4.103,4.149,2602755.63,4.274,4.806
2023-09-11 03:00:00,4.149,4.155,3.908,3.989,4954332.39,4.238,4.806
2023-09-12 03:00:00,3.988,4.097,3.953,3.986,3322442.65,4.155,4.806
2023-09-13 03:00:00,3.987,4.1,3.95,3.998,2434240.08,4.097,4.806
2023-09-14 03:00:00,3.999,4.088,3.973,4.058,2826450.26,4.097,4.806
2023-09-15 03:00:00,4.059,4.172,4.046,4.139,2403258.06,4.088,4.806
2023-09-16 03:00:00,4.138,4.225,4.134,4.185,1814021.69,4.088,4.806
2023-09-17 03:00:00,4.187,4.189,4.046,4.07,1800037.06,4.088,4.806
2023-09-18 03:00:00,4.07,4.22,4.014,4.106,2979553.42,4.088,4.806
2023-09-19 03:00:00,4.106,4.17,4.079,4.152,2631215.34,4.088,4.68
2023-09-20 03:00:00,4.154,4.168,4.065,4.138,1646018.87,4.088,4.535
2023-09-21 03:00:00,4.139,4.166,4.001,4.012,1780734.04,4.088,4.332
2023-09-22 03:00:00,4.012,4.038,3.976,4.019,1633445.47,4.088,4.332
2023-09-23 03:00:00,4.019,4.038,3.998,4.033,1005804.33,4.038,4.332
2023-09-24 03:00:00,4.033,4.058,3.971,3.993,1093945.04,4.038,4.332
2023-09-25 03:00:00,3.99,4.09,3.947,4.068,2354682.85,4.038,4.332
2023-09-26 03:00:00,4.067,4.092,3.974,4.013,2176205.87,4.038,4.332
2023-09-27 03:00:00,4.013,4.075,3.967,3.993,2220464.79,4.038,4.332
2023-09-28 03:00:00,3.993,4.101,3.981,4.073,2423443.08,4.038,4.332
2023-09-29 03:00:00,4.074,4.12,4.055,4.074,2088662.26,4.038,4.278
2023-09-30 03:00:00,4.074,4.119,4.071,4.103,1275233.11,4.038,4.238
2023-10-01 03:00:00,4.104,4.289,4.102,4.263,2265876.1,4.038,4.225
2023-10-02 03:00:00,4.264,4.31,4.058,4.12,3854026.25,4.038,4.289
2023-10-03 03:00:00,4.121,4.162,4.05,4.077,1564379.73,4.038,4.31
2023-10-04 03:00:00,4.076,4.076,3.958,4.042,2554470.06,4.038,4.31
2023-10-05 03:00:00,4.042,4.088,4.0,4.024,1725328.6,4.038,4.31
2023-10-06 03:00:00,4.024,4.094,3.998,4.068,1399327.65,4.038,4.31
2023-10-07 03:00:00,4.069,4.114,4.044,4.051,1027727.79,4.038,4.31
2023-10-08 03:00:00,4.052,4.072,4.0,4.012,1327658.78,4.038,4.31
2023-10-09 03:00:00,4.012,4.03,3.756,3.881,3725371.284,4.038,4.31
2023-10-10 03:00:00,3.88,3.895,3.77,3.811,1997871.04,4.03,4.31
2023-10-11 03:00:00,3.812,3.823,3.7,3.74,2158166.14,3.895,4.31
2023-10-12 03:00:00,3.739,3.741,3.621,3.676,2722797.38,3.823,4.31
2023-10-13 03:00:00,3.676,3.776,3.667,3.721,1628293.29,3.741,4.31
2023-10-14 03:00:00,3.721,3.762,3.717,3.735,1024225.4,3.741,4.31
2023-10-15 03:00:00,3.734,3.782,3.707,3.753,1572397.09,3.741,4.31
2023-10-16 03:00:00,3.753,3.9,3.736,3.776,3758880.85,3.741,4.31
2023-10-17 03:00:00,3.776,3.779,3.636,3.67,2232638.47,3.741,4.31
2023-10-18 03:00:00,3.669,3.723,3.629,3.654,1660166.05,3.741,4.31
2023-10-19 03:00:00,3.653,3.66,3.562,3.649,2373829.06,3.723,4.31
2023-10-20 03:00:00,3.649,3.805,3.638,3.718,3760071.55,3.66,4.31
2023-10-21 03:00:00,3.72,3.98,3.706,3.909,3652845.43,3.66,4.31
2023-10-22 03:00:00,3.909,3.973,3.795,3.967,3393543.88,3.66,4.31
2023-10-23 03:00:00,3.967,4.368,3.918,4.357,8758003.44,3.66,4.162
2023-10-24 03:00:00,4.358,4.425,4.096,4.19,9440500.3,3.66,4.368
2023-10-25 03:00:00,4.189,4.355,4.137,4.291,5030468.8,3.66,4.425
2023-10-26 03:00:00,4.292,4.451,4.15,4.234,5741821.06,3.66,4.425
2023-10-27 03:00:00,4.234,4.236,4.01,4.135,5100506.33,3.66,4.451
2023-10-28 03:00:00,4.134,4.225,4.13,4.181,2924361.17,3.66,4.451
2023-10-29 03:00:00,4.181,4.355,4.126,4.315,3308326.4,3.66,4.451
2023-10-30 03:00:00,4.315,4.532,4.233,4.525,6732331.76,3.66,4.451
2023-10-31 03:00:00,4.525,4.603,4.272,4.449,7122930.14,3.66,4.532
2023-11-01 03:00:00,4.448,4.804,4.322,4.727,8664657.37,3.66,4.603
2023-11-02 03:00:00,4.728,4.795,4.51,4.629,7516552.17,3.66,4.804
2023-11-03 03:00:00,4.63,4.646,4.456,4.61,4994752.05,3.66,4.804
2023-11-04 03:00:00,4.611,4.78,4.585,4.681,3730420.45,3.66,4.804
2023-11-05 03:00:00,4.682,4.91,4.653,4.762,8339719.52,3.66,4.804
2023-11-06 03:00:00,4.763,4.994,4.677,4.967,8062202.56,3.66,4.91
2023-11-07 03:00:00,4.967,5.05,4.719,4.927,6434501.97,3.66,4.994
2023-11-08 03:00:00,4.927,5.094,4.86,5.033,7479657.7,3.66,5.05
2023-11-09 03:00:00,5.032,5.265,4.457,5.09,11953209.53,3.805,5.094
2023-11-10 03:00:00,5.093,5.317,4.964,5.3,8809057.17,3.973,5.265
2023-11-11 03:00:00,5.3,5.682,5.086,5.557,13408385.78,3.973,5.317
2023-11-12 03:00:00,5.557,5.859,5.344,5.709,12507667.74,4.225,5.682
2023-11-13 03:00:00,5.709,5.89,5.331,5.348,10036536.86,4.225,5.859
2023-11-14 03:00:00,5.349,5.522,5.0,5.197,8881631.37,4.225,5.89
2023-11-15 03:00:00,5.198,5.64,5.185,5.564,8603942.41,4.225,5.89
2023-11-16 03:00:00,5.563,5.809,5.271,5.352,11216571.93,4.225,5.89
2023-11-17 03:00:00,5.352,5.486,5.05,5.244,6627256.73,4.225,5.89
2023-11-18 03:00:00,5.243,5.29,4.991,5.289,5049686.4,4.355,5.89
2023-11-19 03:00:00,5.29,5.481,5.176,5.434,5288348.36,4.532,5.89
2023-11-20 03:00:00,5.433,5.569,5.255,5.302,6191396.11,4.603,5.89
2023-11-21 03:00:00,5.302,5.326,4.819,4.858,9809122.53,4.646,5.89
2023-11-22 03:00:00,4.857,5.287,4.843,5.174,6324028.79,4.646,5.89
2023-11-23 03:00:00,5.174,5.219,5.082,5.139,3046432.52,4.646,5.89
2023-11-24 03:00:00,5.139,5.294,5.118,5.242,5725071.98,4.78,5.89
2023-11-25 03:00:00,5.242,5.389,5.213,5.328,3228936.41,4.91,5.89
2023-11-26 03:00:00,5.328,5.415,5.145,5.329,4327342.3,4.994,5.89
2023-11-27 03:00:00,5.329,5.377,5.037,5.156,6281479.69,5.05,5.89
2023-11-28 03:00:00,5.156,5.313,5.102,5.275,5448920.48,5.094,5.89
2023-11-29 03:00:00,5.275,5.4,5.15,5.161,4978065.6,5.219,5.89
2023-11-30 03:00:00,5.161,5.591,5.118,5.473,9449624.6,5.219,5.89
2023-12-01 03:00:00,5.473,5.525,5.369,5.471,3790598.48,5.219,5.89
2023-12-02 03:00:00,5.47,5.604,5.45,5.562,3691046.39,5.219,5.89
2023-12-03 03:00:00,5.562,5.624,5.43,5.541,4369800.25,5.219,5.89
2023-12-04 03:00:00,5.54,5.721,5.421,5.632,8239235.76,5.219,5.809
2023-12-05 03:00:00,5.633,5.946,5.511,5.907,11736819.83,5.219,5.809
2023-12-06 03:00:00,5.907,6.205,5.77,6.046,11202513.64,5.219,5.946
2023-12-07 03:00:00,6.045,6.3,5.901,6.242,8281399.33,5.219,6.205
2023-12-08 03:00:00,6.242,6.914,6.166,6.837,11355959.93,5.219,6.3
2023-12-09 03:00:00,6.838,7.689,6.83,7.101,16985044.2,5.219,6.914
2023-12-10 03:00:00,7.102,7.362,6.959,7.348,6780828.9,5.219,7.689
2023-12-11 03:00:00,7.348,7.361,6.285,6.709,12451395.17,5.219,7.689
2023-12-12 03:00:00,6.706,7.353,6.696,7.131,13610015.42,5.219,7.689
2023-12-13 03:00:00,7.133,7.648,6.613,7.603,11463964.93,5.219,7.689
2023-12-14 03:00:00,7.602,7.769,6.955,7.507,12681742.91,5.294,7.689
2023-12-15 03:00:00,7.508,7.564,6.926,6.951,10696904.91,5.313,7.769
2023-12-16 03:00:00,6.951,7.352,6.859,7.092,6517746.9,5.313,7.769
2023-12-17 03:00:00,7.092,7.163,6.749,6.784,6649743.84,5.313,7.769
2023-12-18 03:00:00,6.785,6.886,6.368,6.885,7414872.74,5.313,7.769
2023-12-19 03:00:00,6.884,7.049,6.612,6.706,5474784.2,5.4,7.769
2023-12-20 03:00:00,6.706,7.136,6.618,6.951,8621839.76,5.525,7.769
2023-12-21 03:00:00,6.952,8.435,6.915,8.42,27166695.07,5.525,7.769
2023-12-22 03:00:00,8.422,8.58,7.841,7.954,16078478.66,5.604,8.435
2023-12-23 03:00:00,7.954,8.446,7.578,8.326,12748793.29,5.624,8.58
2023-12-24 03:00:00,8.326,9.2,8.315,8.611,26401737.92,5.721,8.58
2023-12-25 03:00:00,8.612,9.4,8.499,9.191,19304116.18,5.946,9.2
2023-12-26 03:00:00,9.192,9.593,8.353,8.819,14922261.11,6.205,9.4
2023-12-27 03:00:00,8.819,9.063,8.402,8.694,9947554.08,6.3,9.593
2023-12-28 03:00:00,8.695,8.912,8.263,8.426,9422637.54,6.886,9.593
2023-12-29 03:00:00,8.427,8.686,8.049,8.291,11281188.12,6.886,9.593
2023-12-30 03:00:00,8.291,8.489,8.095,8.346,4747990.66,6.886,9.593
2023-12-31 03:00:00,8.346,8.648,8.025,8.202,6738987.99,6.886,9.593
2024-01-01 03:00:00,8.203,8.63,8.061,8.595,5268802.23,6.886,9.593
2024-01-02 03:00:00,8.594,8.806,8.317,8.411,6792266.31,6.886,9.593
2024-01-03 03:00:00,8.408,8.575,6.5,7.626,14473959.94,6.886,9.593
2024-01-04 03:00:00,7.626,7.999,7.469,7.879,7500909.27,6.886,9.593
2024-01-05 03:00:00,7.879,7.954,7.178,7.45,7631254.61,6.886,9.593
2024-01-06 03:00:00,7.448,7.448,6.943,7.133,4644445.49,6.886,9.593
2024-01-07 03:00:00,7.132,7.327,6.817,6.899,4713975.33,6.886,9.593
2024-01-08 03:00:00,6.899,7.506,6.51,7.483,8524497.42,7.049,9.593
2024-01-09 03:00:00,7.483,7.527,6.908,7.129,6989170.94,7.136,9.593
2024-01-10 03:00:00,7.128,8.091,6.8,7.991,9967541.16,7.327,9.593
2024-01-11 03:00:00,7.99,8.58,7.85,8.148,12836225.08,7.327,9.593
2024-01-12 03:00:00,8.147,8.212,7.31,7.567,8688542.18,7.327,9.593
2024-01-13 03:00:00,7.566,7.753,7.37,7.617,4481440.54,7.327,9.593
2024-01-14 03:00:00,7.618,7.699,7.316,7.319,3486216.3,7.327,9.593
2024-01-15 03:00:00,7.319,7.692,7.308,7.509,4209668.41,7.327,9.593
2024-01-16 03:00:00,7.509,7.688,7.339,7.493,4432209.01,7.327,9.063
2024-01-17 03:00:00,7.492,7.597,7.255,7.35,4237892.42,7.327,8.912
2024-01-18 03:00:00,7.349,7.39,6.82,7.017,6630266.6,7.327,8.806
2024-01-19 03:00:00,7.018,7.052,6.571,6.894,6152238.35,7.327,8.806
2024-01-20 03:00:00,6.894,6.951,6.778,6.913,3231059.21,7.052,8.806
2024-01-21 03:00:00,6.913,6.977,6.801,6.817,2659737.77,6.951,8.806
2024-01-22 03:00:00,6.815,6.848,6.293,6.341,8335532.94,6.951,8.806
2024-01-23 03:00:00,6.342,6.455,5.979,6.361,7491685.08,6.848,8.58
2024-01-24 03:00:00,6.362,6.542,6.26,6.462,4831265.54,6.455,8.58
2024-01-25 03:00:00,6.461,6.579,6.346,6.438,3968963.16,6.455,8.58
2024-01-26 03:00:00,6.438,6.73,6.361,6.672,5226941.0,6.455,8.58
2024-01-27 03:00:00,6.671,6.753,6.53,6.669,3827612.45,6.455,8.58
2024-01-28 03:00:00,6.669,6.875,6.567,6.872,5140566.57,6.455,8.58
2024-01-29 03:00:00,6.871,7.298,6.705,7.032,9464149.78,6.455,8.58
2024-01-30 03:00:00,7.031,7.087,6.822,6.836,5806026.21,6.455,8.58
2024-01-31 03:00:00,6.838,6.888,6.584,6.654,5331313.42,6.455,8.58
2024-02-01 03:00:00,6.653,6.816,6.53,6.791,3801576.85,6.455,8.212
2024-02-02 03:00:00,6.791,7.028,6.763,6.947,3879893.39,6.455,7.753
2024-02-03 03:00:00,6.947,7.01,6.813,6.825,2228612.1,6.455,7.699
2024-02-04 03:00:00,6.826,6.826,6.647,6.666,1847358.83,6.455,7.692
2024-02-05 03:00:00,6.666,6.976,6.592,6.737,4053934.37,6.455,7.688
2024-02-06 03:00:00,6.737,6.832,6.639,6.807,3262058.56,6.455,7.597
2024-02-07 03:00:00,6.806,6.966,6.671,6.941,3978510.79,6.455,7.39
2024-02-08 03:00:00,6.941,7.11,6.87,7.013,5636725.94,6.455,7.298
2024-02-09 03:00:00,7.014,7.329,6.96,7.196,6703902.0,6.455,7.298
2024-02-10 03:00:00,7.197,7.29,7.059,7.2,3362657.29,6.455,7.329
2024-02-11 03:00:00,7.2,7.342,7.077,7.099,4140070.61,6.455,7.329
2024-02-12 03:00:00,7.099,7.377,6.978,7.34,6638724.11,6.455,7.342
2024-02-13 03:00:00,7.34,7.45,7.111,7.353,5806068.65,6.542,7.377
2024-02-14 03:00:00,7.354,7.71,7.273,7.649,6998063.16,6.579,7.45
2024-02-15 03:00:00,7.648,7.95,7.526,7.781,8076847.34,6.73,7.71
2024-02-16 03:00:00,7.781,7.868,7.537,7.647,5128123.74,6.753,7.95
2024-02-17 03:00:00,7.647,7.709,7.34,7.704,3946834.47,6.816,7.95
2024-02-18 03:00:00,7.704,7.92,7.676,7.86,4114553.53,6.816,7.95
2024-02-19 03:00:00,7.86,8.148,7.651,8.029,8186553.0,6.816,7.95
2024-02-20 03:00:00,8.029,8.117,7.399,7.731,9552318.01,6.816,8.148
2024-02-21 03:00:00,7.731,7.732,7.225,7.466,6514766.28,6.816,8.148
2024-02-22 03:00:00,7.466,7.687,7.274,7.48,5384307.43,6.826,8.148
2024-02-23 03:00:00,7.481,7.646,7.269,7.563,6638489.31,6.826,8.148
2024-02-24 03:00:00,7.564,7.891,7.431,7.819,6116096.37,6.826,8.148
2024-02-25 03:00:00,7.819,7.95,7.677,7.923,4176758.99,6.832,8.148
2024-02-26 03:00:00,7.924,8.117,7.583,8.109,7572230.28,6.832,8.148
2024-02-27 03:00:00,8.109,8.449,7.987,8.371,10449184.54,6.966,8.148
2024-02-28 03:00:00,8.371,8.715,7.713,8.342,15023729.48,7.11,8.449
2024-02-29 03:00:00,8.342,8.899,8.029,8.261,11567082.87,7.29,8.715
2024-03-01 03:00:00,8.263,8.673,8.263,8.661,7440771.13,7.29,8.899
2024-03-02 03:00:00,8.661,9.467,8.576,9.463,12812343.11,7.342,8.899
2024-03-03 03:00:00,9.463,9.9,8.576,9.781,15549955.02,7.377,9.467
2024-03-04 03:00:00,9.781,10.31,9.5,9.862,20642389.86,7.45,9.9
2024-03-05 03:00:00,9.862,10.762,8.17,9.32,31707926.36,7.646,10.31
2024-03-06 03:00:00,9.32,10.56,8.924,10.544,17135241.23,7.646,10.762
2024-03-07 03:00:00,10.544,11.0,10.209,10.402,11994126.73,7.646,10.762
2024-03-08 03:00:00,10.404,10.7,9.946,10.637,12982892.21,7.646,11.0
2024-03-09 03:00:00,10.637,10.95,10.409,10.493,9384527.61,7.646,11.0
2024-03-10 03:00:00,10.494,10.574,9.963,10.261,7587844.77,7.646,11.0
2024-03-11 03:00:00,10.262,11.249,9.791,11.043,14996657.84,7.646,11.0
2024-03-12 03:00:00,11.043,11.15,10.02,10.736,12039946.94,7.646,11.249
2024-03-13 03:00:00,10.736,11.46,10.638,11.374,11969881.19,7.646,11.249
2024-03-14 03:00:00,11.374,11.889,10.675,11.558,20155350.19,7.646,11.46
2024-03-15 03:00:00,11.557,11.706,9.975,10.81,20216540.26,7.891,11.889
2024-03-16 03:00:00,10.811,10.899,9.502,9.682,13825011.98,7.95,11.889
2024-03-17 03:00:00,9.684,10.252,9.19,10.083,9420189.81,8.117,11.889
2024-03-18 03:00:00,10.083,10.456,9.602,9.902,9838197.4,8.449,11.889
2024-03-19 03:00:00,9.901,9.994,8.6,8.766,15363075.8,8.673,11.889
2024-03-20 03:00:00,8.766,9.567,8.488,9.483,12729562.23,8.673,11.889
2024-03-21 03:00:00,9.483,9.583,9.067,9.179,7536093.12,8.673,11.889
2024-03-22 03:00:00,9.179,9.367,8.694,8.936,6104700.92,9.467,11.889
2024-03-23 03:00:00,8.939,9.224,8.852,8.968,3464506.12,9.367,11.889
2024-03-24 03:00:00,8.967,9.43,8.952,9.37,3551552.34,9.224,11.889
2024-03-25 03:00:00,9.372,9.832,9.287,9.735,6350466.97,9.224,11.889
2024-03-26 03:00:00,9.737,10.057,9.525,9.689,8244078.96,9.224,11.889
2024-03-27 03:00:00,9.689,9.814,9.304,9.445,7078224.52,9.224,11.889
2024-03-28 03:00:00,9.448,9.659,9.3,9.522,5433742.81,9.224,11.889
2024-03-29 03:00:00,9.524,9.81,9.344,9.601,6430200.46,9.224,11.889
2024-03-30 03:00:00,9.601,9.699,9.387,9.429,3097586.67,9.224,11.889
2024-03-31 03:00:00,9.429,9.649,9.414,9.647,2347041.29,9.224,11.889
2024-04-01 03:00:00,9.647,9.747,8.923,9.143,6554213.02,9.224,11.889
2024-04-02 03:00:00,9.143,9.143,8.37,8.582,8040640.57,9.224,11.889
2024-04-03 03:00:00,8.582,8.78,8.284,8.416,5456340.4,9.143,11.889
2024-04-04 03:00:00,8.416,8.711,8.263,8.486,5143837.32,8.78,11.706
2024-04-05 03:00:00,8.486,8.511,8.076,8.379,4594358.61,8.711,10.899
2024-04-06 03:00:00,8.379,8.555,8.329,8.494,3135750.79,8.511,10.456
2024-04-07 03:00:00,8.495,8.741,8.458,8.704,3777830.16,8.511,10.456
2024-04-08 03:00:00,8.704,9.096,8.57,9.043,5282323.07,8.511,10.057
2024-04-09 03:00:00,9.043,9.137,8.632,8.659,6315720.0,8.511,10.057
2024-04-10 03:00:00,8.657,8.701,8.122,8.408,6364196.82,8.511,10.057
2024-04-11 03:00:00,8.408,8.528,8.183,8.384,4548223.43,8.511,10.057
2024-04-12 03:00:00,8.382,8.49,6.503,7.24,18112289.17,8.511,10.057
2024-04-13 03:00:00,7.24,7.334,5.693,6.388,21049661.8,8.49,10.057
2024-04-14 03:00:00,6.389,6.929,6.193,6.855,15785330.1,7.334,10.057
2024-04-15 03:00:00,6.855,7.206,6.429,6.708,9782724.46,6.929,10.057
2024-04-16 03:00:00,6.708,6.821,6.371,6.702,5720075.35,6.929,9.814
2024-04-17 03:00:00,6.7,6.779,6.326,6.583,4881081.63,6.821,9.81
2024-04-18 03:00:00,6.58,6.829,6.445,6.784,3726348.91,6.779,9.81
2024-04-19 03:00:00,6.783,6.917,6.274,6.682,7702126.65,6.779,9.747
2024-04-20 03:00:00,6.681,7.283,6.608,7.241,3963964.15,6.779,9.747
2024-04-21 03:00:00,7.241,7.288,6.962,7.14,2994106.76,6.779,9.747
2024-04-22 03:00:00,7.139,7.583,7.089,7.466,5143305.97,6.779,9.143
2024-04-23 03:00:00,7.467,7.543,7.205,7.242,4802056.52,6.779,9.137
2024-04-24 03:00:00,7.243,7.5,6.857,6.931,6094306.22,6.779,9.137
2024-04-25 03:00:00,6.932,7.001,6.703,6.862,4296277.37,6.779,9.137
2024-04-26 03:00:00,6.863,6.951,6.714,6.764,4650325.63,6.779,9.137
2024-04-27 03:00:00,6.765,6.866,6.511,6.807,3888055.62,6.779,9.137
2024-04-28 03:00:00,6.808,6.951,6.69,6.728,2445507.2,6.779,9.137
2024-04-29 03:00:00,6.726,6.826,6.47,6.587,3658934.18,6.779,9.137
2024-04-30 03:00:00,6.588,6.669,6.04,6.425,7667235.19,6.779,8.701
2024-05-01 03:00:00,6.423,6.935,6.129,6.899,9928379.44,6.669,8.528
2024-05-02 03:00:00,6.9,7.409,6.694,7.273,5866303.67,6.669,8.49
2024-05-03 03:00:00,7.272,7.386,7.002,7.245,6917886.48,6.669,7.583
2024-05-04 03:00:00,7.244,7.28,7.105,7.122,3557671.87,6.669,7.583
2024-05-05 03:00:00,7.122,7.4,7.014,7.302,4163778.64,6.669,7.583
2024-05-06 03:00:00,7.303,7.473,7.06,7.121,4753151.15,6.669,7.583
2024-05-07 03:00:00,7.119,7.295,6.979,6.993,3682848.45,6.669,7.583
2024-05-08 03:00:00,6.992,7.189,6.893,6.983,3774626.84,6.669,7.583
2024-05-09 03:00:00,6.982,7.089,6.782,7.05,3379414.81,6.669,7.583
2024-05-10 03:00:00,7.049,7.149,6.69,6.746,4044018.42,6.669,7.583
2024-05-11 03:00:00,6.745,6.809,6.635,6.659,2377967.87,6.669,7.583
2024-05-12 03:00:00,6.659,6.793,6.586,6.617,1576234.91,6.669,7.583
2024-05-13 03:00:00,6.616,6.826,6.431,6.669,3606786.8,6.669,7.543
2024-05-14 03:00:00,6.671,6.698,6.469,6.485,2744202.98,6.669,7.5
2024-05-15 03:00:00,6.485,7.029,6.461,6.961,4442558.01,6.669,7.473
2024-05-16 03:00:00,6.961,7.066,6.812,7.025,3415709.35,6.669,7.473
2024-05-17 03:00:00,7.025,7.299,6.999,7.199,4256397.78,6.669,7.473
2024-05-18 03:00:00,7.198,7.232,7.063,7.157,1889934.65,6.669,7.473
2024-05-19 03:00:00,7.157,7.18,6.889,6.931,1874582.61,6.669,7.473
2024-05-20 03:00:00,6.93,7.584,6.851,7.575,4828245.07,6.669,7.473
2024-05-21 03:00:00,7.574,7.671,7.428,7.61,4957810.67,6.698,7.584
2024-05-22 03:00:00,7.609,7.701,7.38,7.467,4310060.98,6.698,7.671
2024-05-23 03:00:00,7.466,7.604,6.895,7.2,8045710.66,6.698,7.701
2024-05-24 03:00:00,7.199,7.386,7.017,7.244,3827983.04,6.698,7.701
2024-05-25 03:00:00,7.244,7.438,7.22,7.425,2016462.27,6.698,7.701
2024-05-26 03:00:00,7.426,7.64,7.367,7.557,2927564.39,6.698,7.701
2024-05-27 03:00:00,7.556,7.775,7.38,7.64,3611626.96,6.698,7.701
2024-05-28 03:00:00,7.64,7.667,7.277,7.37,4935005.61,6.698,7.775
2024-05-29 03:00:00,7.371,7.562,7.145,7.178,4221424.57,6.698,7.775
2024-05-30 03:00:00,7.178,7.243,6.923,6.998,4211075.5,6.698,7.775
2024-05-31 03:00:00,6.997,7.054,6.803,6.984,2478066.66,6.698,7.775
2024-06-01 03:00:00,6.984,7.135,6.959,7.062,1506527.64,6.698,7.775
2024-06-02 03:00:00,7.061,7.125,6.917,6.988,1812466.32,6.698,7.775
2024-06-03 03:00:00,6.989,7.191,6.932,7.009,3867604.77,6.698,7.775
2024-06-04 03:00:00,7.009,7.236,6.941,7.177,2889356.19,7.029,7.775
2024-06-05 03:00:00,7.178,7.298,7.148,7.251,2836358.18,7.054,7.775
2024-06-06 03:00:00,7.25,7.288,7.056,7.144,2433999.18,7.054,7.775
2024-06-07 03:00:00,7.145,7.291,6.053,6.659,8416185.59,7.054,7.775
2024-06-08 03:00:00,6.659,6.683,6.338,6.384,3615115.34,7.054,7.775
2024-06-09 03:00:00,6.384,6.54,6.375,6.527,2659717.39,6.683,7.775
2024-06-10 03:00:00,6.527,6.582,6.357,6.506,2942181.04,6.54,7.775
2024-06-11 03:00:00,6.506,6.527,6.217,6.378,5420734.07,6.54,7.775
2024-06-12 03:00:00,6.378,6.931,6.276,6.738,7033186.82,6.527,7.775
2024-06-13 03:00:00,6.737,6.743,6.336,6.359,3581239.76,6.527,7.775
2024-06-14 03:00:00,6.36,6.488,6.0,6.163,5069082.95,6.527,7.775
2024-06-15 03:00:00,6.162,6.258,6.109,6.223,1928449.76,6.488,7.775
2024-06-16 03:00:00,6.223,6.428,6.149,6.396,3423193.06,6.258,7.775
2024-06-17 03:00:00,6.397,6.418,5.987,6.069,4149733.54,6.258,7.667
2024-06-18 03:00:00,6.069,6.089,5.46,5.771,10700166.19,6.258,7.562
2024-06-19 03:00:00,5.771,5.993,5.73,5.799,4114058.81,6.089,7.298
2024-06-20 03:00:00,5.798,5.972,5.6,5.642,3352117.74,5.993,7.298
2024-06-21 03:00:00,5.643,5.737,5.549,5.611,3503011.61,5.972,7.298
2024-06-22 03:00:00,5.612,5.805,5.541,5.751,2939866.91,5.737,7.298
2024-06-23 03:00:00,5.752,5.83,5.587,5.652,1702329.17,5.737,7.298
2024-06-24 03:00:00,5.651,5.74,5.389,5.729,5455119.88,5.737,7.298
2024-06-25 03:00:00,5.727,5.976,5.705,5.842,3888721.25,5.737,7.298
2024-06-26 03:00:00,5.841,5.949,5.757,5.799,2681962.98,5.737,7.291
2024-06-27 03:00:00,5.799,6.38,5.706,6.287,6316840.04,5.737,7.291
2024-06-28 03:00:00,6.286,6.442,6.159,6.19,3765151.4,5.737,6.931
2024-06-29 03:00:00,6.189,6.305,6.063,6.08,1478576.61,5.737,6.931
2024-06-30 03:00:00,6.08,6.26,6.023,6.215,1831777.53,5.737,6.931
2024-07-01 03:00:00,6.216,6.45,6.195,6.329,3174108.21,5.737,6.931
2024-07-02 03:00:00,6.33,6.611,6.314,6.531,5472083.79,5.737,6.931
2024-07-03 03:00:00,6.531,6.545,5.998,6.081,4570764.83,5.737,6.743
2024-07-04 03:00:00,6.082,6.134,5.539,5.556,6705156.48,5.737,6.611
2024-07-05 03:00:00,5.556,5.918,4.915,5.687,20535452.4,5.737,6.611
2024-07-06 03:00:00,5.686,6.312,5.631,6.24,11542351.46,5.737,6.611
2024-07-07 03:00:00,6.24,6.313,5.882,5.911,5276684.6,5.737,6.611
2024-07-08 03:00:00,5.909,6.293,5.695,5.944,6138945.03,5.737,6.611
2024-07-09 03:00:00,5.943,6.2,5.84,6.117,4353640.81,5.737,6.611
2024-07-10 03:00:00,6.117,6.26,6.05,6.097,4110238.98,5.737,6.611
2024-07-11 03:00:00,6.096,6.248,5.895,5.903,2350422.86,5.737,6.611
2024-07-12 03:00:00,5.902,6.104,5.801,6.103,2711128.45,5.74,6.611
2024-07-13 03:00:00,6.102,6.306,6.074,6.232,2003082.88,5.74,6.611
2024-07-14 03:00:00,6.233,6.357,6.159,6.32,2826709.6,5.74,6.611
2024-07-15 03:00:00,6.32,6.543,6.295,6.484,5049392.8,5.918,6.611
2024-07-16 03:00:00,6.486,6.513,6.126,6.337,4558393.8,5.918,6.611
2024-07-17 03:00:00,6.335,6.535,6.246,6.255,3182801.28,5.918,6.611
2024-07-18 03:00:00,6.254,6.407,6.02,6.093,3370663.16,5.918,6.611
2024-07-19 03:00:00,6.092,6.48,5.978,6.338,2757057.53,5.918,6.611
2024-07-20 03:00:00,6.337,6.397,6.224,6.333,1720991.41,5.918,6.611
2024-07-21 03:00:00,6.332,6.445,6.1,6.43,2339766.13,5.918,6.611
2024-07-22 03:00:00,6.43,6.476,6.08,6.096,2585309.02,5.918,6.611
2024-07-23 03:00:00,6.095,6.165,5.799,5.917,2986487.42,5.918,6.545
2024-07-24 03:00:00,5.917,5.997,5.654,5.748,2358741.13,5.918,6.543
2024-07-25 03:00:00,5.747,5.779,5.54,5.755,2972357.49,5.918,6.543
2024-07-26 03:00:00,5.755,5.891,5.726,5.867,2528303.82,5.779,6.543
2024-07-27 03:00:00,5.867,5.942,5.715,5.825,2061613.39,5.779,6.543
2024-07-28 03:00:00,5.825,5.844,5.67,5.718,1204090.29,5.779,6.543
2024-07-29 03:00:00,5.72,5.88,5.622,5.649,2552750.24,5.779,6.543
2024-07-30 03:00:00,5.65,5.726,5.481,5.519,1921244.42,5.779,6.543
2024-07-31 03:00:00,5.519,5.559,5.335,5.389,2644241.77,5.726,6.543
2024-08-01 03:00:00,5.389,5.422,5.026,5.34,4408677.71,5.559,6.543
2024-08-02 03:00:00,5.341,5.369,5.0,5.122,3554684.74,5.422,6.543
2024-08-03 03:00:00,5.123,5.209,4.854,5.045,3126943.96,5.369,6.543
2024-08-04 03:00:00,5.044,5.097,4.534,4.688,4876624.24,5.209,6.543
2024-08-05 03:00:00,4.688,4.726,3.59,4.2,21997702.93,5.097,6.535
2024-08-06 03:00:00,4.199,4.604,4.194,4.509,5497287.59,4.726,6.535
2024-08-07 03:00:00,4.509,4.641,4.403,4.579,5243270.78,4.604,6.48
2024-08-08 03:00:00,4.579,4.904,4.48,4.879,4847719.81,4.604,6.48
2024-08-09 03:00:00,4.879,4.924,4.73,4.783,2737150.09,4.604,6.476
2024-08-10 03:00:00,4.783,4.832,4.723,4.754,1189116.19,4.604,6.476
2024-08-11 03:00:00,4.753,4.829,4.466,4.495,1800885.03,4.604,6.476
2024-08-12 03:00:00,4.495,4.68,4.45,4.588,2055574.69,4.604,6.165
2024-08-13 03:00:00,4.587,4.65,4.398,4.547,2199766.63,4.604,5.997
2024-08-14 03:00:00,4.546,4.554,4.343,4.383,2361315.25,4.604,5.942
2024-08-15 03:00:00,4.383,4.481,4.227,4.277,2334737.9,4.554,5.942
2024-08-16 03:00:00,4.278,4.387,4.211,4.292,1920753.49,4.481,5.942
2024-08-17 03:00:00,4.293,4.384,4.275,4.369,859646.82,4.387,5.88
2024-08-18 03:00:00,4.37,4.529,4.346,4.39,2034044.35,4.384,5.88
2024-08-19 03:00:00,4.391,4.504,4.344,4.481,1876212.07,4.384,5.726
2024-08-20 03:00:00,4.481,4.604,4.455,4.524,2015995.76,4.384,5.559
2024-08-21 03:00:00,4.524,4.749,4.492,4.663,2872074.59,4.384,5.422
2024-08-22 03:00:00,4.664,4.72,4.591,4.689,3039748.99,4.384,5.369
2024-08-23 03:00:00,4.69,4.953,4.684,4.891,3604290.98,4.384,5.209
2024-08-24 03:00:00,4.892,5.1,4.845,4.981,3274573.09,4.384,5.097
2024-08-25 03:00:00,4.982,4.995,4.744,4.819,3038021.47,4.384,5.1
2024-08-26 03:00:00,4.823,4.866,4.53,4.558,2919726.61,4.384,5.1
2024-08-27 03:00:00,4.557,4.658,4.24,4.378,4020085.47,4.384,5.1
2024-08-28 03:00:00,4.378,4.453,4.165,4.254,3363625.7,4.384,5.1
2024-08-29 03:00:00,4.255,4.403,4.179,4.252,2528160.83,4.384,5.1
2024-08-30 03:00:00,4.252,4.335,4.101,4.277,2493943.55,4.384,5.1
2024-08-31 03:00:00,4.277,4.318,4.218,4.258,1087944.03,4.335,5.1
2024-09-01 03:00:00,4.259,4.259,4.032,4.068,2516218.02,4.318,5.1
2024-09-02 03:00:00,4.068,4.234,4.051,4.208,2199151.08,4.259,5.1
2024-09-03 03:00:00,4.209,4.285,4.056,4.062,2045219.35,4.234,5.1
2024-09-04 03:00:00,4.063,4.197,3.868,4.111,4271469.46,4.234,5.1
2024-09-05 03:00:00,4.111,4.127,3.973,4.021,1907467.81,4.197,5.1
2024-09-06 03:00:00,4.022,4.096,3.818,3.959,3968575.54,4.127,5.1
2024-09-07 03:00:00,3.96,4.133,3.935,4.079,1686608.94,4.096,5.1
2024-09-08 03:00:00,4.08,4.208,4.059,4.161,1503933.15,4.096,5.1
2024-09-09 03:00:00,4.162,4.341,4.111,4.286,2798131.43,4.096,5.1
2024-09-10 03:00:00,4.286,4.289,4.197,4.251,1848659.47,4.096,5.1
2024-09-11 03:00:00,4.25,4.257,4.058,4.191,2947171.99,4.096,5.1
2024-09-12 03:00:00,4.192,4.3,4.189,4.294,2205112.48,4.096,5.1
2024-09-13 03:00:00,4.294,4.472,4.27,4.42,3251739.87,4.096,5.1
2024-09-14 03:00:00,4.42,4.445,4.344,4.437,1857961.23,4.096,4.995
2024-09-15 03:00:00,4.437,4.558,4.355,4.393,2920077.53,4.096,4.866
2024-09-16 03:00:00,4.393,4.393,4.148,4.196,3152928.3,4.096,4.658
2024-09-17 03:00:00,4.195,4.288,4.127,4.157,3322360.31,4.096,4.558
2024-09-18 03:00:00,4.158,4.178,3.973,4.176,4814848.56,4.096,4.558
2024-09-19 03:00:00,4.177,4.352,4.177,4.255,4658192.56,4.096,4.558
2024-09-20 03:00:00,4.255,4.404,4.19,4.34,4540903.46,4.096,4.558
2024-09-21 03:00:00,4.339,4.477,4.282,4.462,2465166.54,4.096,4.558
2024-09-22 03:00:00,4.46,4.483,4.234,4.311,2410272.28,4.096,4.558
2024-09-23 03:00:00,4.31,4.462,4.233,4.458,3549403.67,4.096,4.558
2024-09-24 03:00:00,4.458,4.684,4.401,4.635,4816662.23,4.096,4.558
2024-09-25 03:00:00,4.636,4.773,4.59,4.637,3965799.79,4.096,4.684
2024-09-26 03:00:00,4.637,4.878,4.564,4.814,3813731.87,4.096,4.773
2024-09-27 03:00:00,4.814,4.964,4.809,4.882,4302233.12,4.133,4.878
2024-09-28 03:00:00,4.883,4.93,4.746,4.794,2346081.15,4.178,4.964
2024-09-29 03:00:00,4.794,4.858,4.682,4.767,2288995.53,4.178,4.964
2024-09-30 03:00:00,4.767,4.771,4.399,4.432,4303691.53,4.178,4.964
2024-10-01 03:00:00,4.432,4.563,4.051,4.154,8519076.94,4.178,4.964
2024-10-02 03:00:00,4.154,4.27,4.004,4.102,4868593.35,4.178,4.964
2024-10-03 03:00:00,4.102,4.173,3.989,4.129,4867140.66,4.178,4.964
2024-10-04 03:00:00,4.129,4.212,4.106,4.194,3025511.57,4.173,4.964
2024-10-05 03:00:00,4.194,4.234,4.075,4.139,1785207.19,4.173,4.964
2024-10-06 03:00:00,4.139,4.195,4.097,4.191,1577602.61,4.173,4.964
2024-10-07 03:00:00,4.19,4.272,4.126,4.131,3779052.3,4.173,4.964
2024-10-08 03:00:00,4.13,4.184,4.045,4.104,3238080.04,4.173,4.964
2024-10-09 03:00:00,4.105,4.15,3.951,4.024,3076173.21,4.173,4.964
2024-10-10 03:00:00,4.024,4.077,3.962,4.073,2490257.83,4.15,4.964
2024-10-11 03:00:00,4.073,4.196,4.053,4.171,2347729.65,4.077,4.964
2024-10-12 03:00:00,4.172,4.263,4.152,4.205,2311858.57,4.077,4.964
2024-10-13 03:00:00,4.205,4.216,4.086,4.162,1965193.65,4.077,4.964
2024-10-14 03:00:00,4.163,4.4,4.134,4.378,4101366.34,4.077,4.964
2024-10-15 03:00:00,4.379,4.535,4.291,4.406,6569159.09,4.077,4.964
2024-10-16 03:00:00,4.407,4.411,4.287,4.314,3164327.04,4.077,4.964
2024-10-17 03:00:00,4.313,4.35,4.146,4.193,2710997.96,4.077,4.964
2024-10-18 03:00:00,4.193,4.312,4.173,4.31,2869979.62,4.077,4.93
2024-10-19 03:00:00,4.311,4.483,4.31,4.432,3363117.5,4.077,4.858
2024-10-20 03:00:00,4.433,4.594,4.357,4.579,3366066.45,4.077,4.771
2024-10-21 03:00:00,4.578,4.615,4.334,4.377,3629142.83,4.077,4.594
2024-10-22 03:00:00,4.378,4.437,4.271,4.322,3090937.0,4.077,4.615
2024-10-23 03:00:00,4.324,4.332,4.104,4.21,3130845.0,4.077,4.615
2024-10-24 03:00:00,4.21,4.26,4.143,4.206,3252270.96,4.077,4.615
2024-10-25 03:00:00,4.206,4.22,3.848,3.996,5549275.62,4.077,4.615
2024-10-26 03:00:00,3.996,4.061,3.943,4.035,3482001.47,4.077,4.615
2024-10-27 03:00:00,4.036,4.136,4.007,4.128,2787235.2,4.061,4.615
2024-10-28 03:00:00,4.129,4.226,4.004,4.132,5064133.38,4.061,4.615
2024-10-29 03:00:00,4.133,4.251,4.119,4.193,5447880.2,4.061,4.615
2024-10-30 03:00:00,4.193,4.218,4.119,4.191,4299714.15,4.061,4.615
2024-10-31 03:00:00,4.192,4.215,3.901,3.959,6741494.0,4.061,4.615
2024-11-01 03:00:00,3.959,3.996,3.845,3.908,5578717.23,4.061,4.615
2024-11-02 03:00:00,3.908,3.949,3.823,3.908,3320709.06,3.996,4.615
2024-11-03 03:00:00,3.908,3.931,3.665,3.784,6064734.41,3.949,4.615
2024-11-04 03:00:00,3.786,3.839,3.679,3.752,3353577.29,3.931,4.615
2024-11-05 03:00:00,3.751,3.919,3.746,3.855,3347876.96,3.839,4.615
2024-11-06 03:00:00,3.856,4.13,3.855,4.111,9391141.87,3.839,4.615
2024-11-07 03:00:00,4.111,4.199,4.045,4.163,7086769.64,3.839,4.615
2024-11-08 03:00:00,4.164,4.392,4.116,4.325,11448594.98,3.839,4.615
2024-11-09 03:00:00,4.324,4.641,4.262,4.63,8503678.87,3.839,4.615
2024-11-10 03:00:00,4.632,5.478,4.582,5.241,35504372.79,3.839,4.641
2024-11-11 03:00:00,5.242,5.786,4.972,5.71,21631063.61,3.839,5.478
2024-11-12 03:00:00,5.71,5.839,5.116,5.308,26930359.43,3.839,5.786
2024-11-13 03:00:00,5.309,5.429,4.908,5.073,20191236.54,3.839,5.839
2024-11-14 03:00:00,5.072,5.216,4.686,4.775,13094082.94,3.839,5.839
2024-11-15 03:00:00,4.777,5.174,4.704,5.161,10257406.37,3.839,5.839
2024-11-16 03:00:00,5.16,5.803,5.132,5.787,17564833.99,3.839,5.839
2024-11-17 03:00:00,5.786,6.147,5.304,5.424,18374242.79,3.839,5.839
2024-11-18 03:00:00,5.425,6.1,5.392,6.008,16117811.2,3.839,6.147
2024-11-19 03:00:00,6.008,6.044,5.659,5.805,9028491.8,3.839,6.147
2024-11-20 03:00:00,5.805,6.08,5.532,5.724,13729161.22,3.839,6.147
2024-11-21 03:00:00,5.724,5.968,5.473,5.93,13681255.17,3.839,6.147
2024-11-22 03:00:00,5.932,6.687,5.878,6.63,21148336.67,3.839,6.147
2024-11-23 03:00:00,6.631,9.432,6.585,8.515,60359355.47,3.839,6.687
2024-11-24 03:00:00,8.515,10.5,8.042,8.825,55980685.72,3.839,9.432
2024-11-25 03:00:00,8.824,9.359,8.11,8.232,23515306.26,3.919,10.5
2024-11-26 03:00:00,8.231,8.468,7.55,8.065,20294174.75,4.13,10.5
2024-11-27 03:00:00,8.065,8.568,7.842,8.456,15952780.89,4.199,10.5
2024-11-28 03:00:00,8.457,8.752,8.002,8.615,12382641.04,4.392,10.5
2024-11-29 03:00:00,8.615,9.076,8.44,9.026,16424896.92,4.641,10.5
2024-11-30 03:00:00,9.027,9.224,8.604,8.945,18065505.49,5.174,10.5
2024-12-01 03:00:00,8.945,9.388,8.696,9.289,14685246.0,5.174,10.5
2024-12-02 03:00:00,9.291,10.198,8.455,10.011,30869602.68,5.174,10.5
2024-12-03 03:00:00,10.011,10.39,9.055,9.78,30261037.54,5.174,10.5
2024-12-04 03:00:00,9.781,11.649,9.663,10.512,40288736.88,5.174,10.5
2024-12-05 03:00:00,10.513,11.233,9.895,10.369,25573286.13,5.174,11.649
2024-12-06 03:00:00,10.37,10.887,10.011,10.673,16867235.82,5.803,11.649
2024-12-07 03:00:00,10.673,10.928,10.306,10.592,11608605.32,5.968,11.649
2024-12-08 03:00:00,10.592,10.8,10.1,10.392,9936977.11,5.968,11.649
2024-12-09 03:00:00,10.393,10.397,7.5,8.468,30556061.58,5.968,11.649
2024-12-10 03:00:00,8.468,8.718,7.59,8.395,23727142.47,5.968,11.649
2024-12-11 03:00:00,8.394,9.269,8.023,8.993,16541944.16,5.968,11.649
2024-12-12 03:00:00,8.993,9.669,8.911,9.061,17978417.97,6.687,11.649
2024-12-13 03:00:00,9.062,9.234,8.772,9.089,11250987.35,8.468,11.649
2024-12-14 03:00:00,9.088,9.212,8.347,8.551,10546490.88,8.468,11.649
2024-12-15 03:00:00,8.553,9.264,8.367,9.028,12168923.08,8.468,11.649
2024-12-16 03:00:00,9.028,9.204,8.587,8.756,11767882.69,8.468,11.649
2024-12-17 03:00:00,8.756,8.972,8.379,8.487,9689503.83,8.568,11.649
2024-12-18 03:00:00,8.49,8.545,7.563,7.679,14284782.32,8.718,11.649
2024-12-19 03:00:00,7.679,7.802,6.76,6.941,22054262.66,8.545,11.649
2024-12-20 03:00:00,6.942,7.36,6.01,7.29,23182838.78,7.802,11.649
2024-12-21 03:00:00,7.291,7.802,6.836,6.973,12411891.98,7.36,11.649
2024-12-22 03:00:00,6.976,7.27,6.682,6.842,8776666.68,7.36,11.649
2024-12-23 03:00:00,6.844,7.572,6.654,7.385,10441949.73,7.27,11.649
2024-12-24 03:00:00,7.384,7.64,7.154,7.552,7945555.67,7.27,11.649
2024-12-25 03:00:00,7.551,7.678,7.353,7.502,5305255.63,7.27,11.233
2024-12-26 03:00:00,7.502,7.592,6.881,6.932,5952209.03,7.27,10.928
2024-12-27 03:00:00,6.933,7.312,6.815,6.91,6318307.4,7.27,10.928
2024-12-28 03:00:00,6.912,7.184,6.792,7.113,4219904.23,7.27,10.8
2024-12-29 03:00:00,7.114,7.152,6.81,6.865,3618120.74,7.184,10.397
2024-12-30 03:00:00,6.867,7.109,6.537,6.704,6758873.72,7.152,9.669
2024-12-31 03:00:00,6.706,6.929,6.565,6.643,4270052.58,7.109,9.669
2025-01-01 03:00:00,6.642,7.141,6.52,7.051,4854650.19,6.929,9.669
2025-01-02 03:00:00,7.052,7.36,7.051,7.177,5662998.77,6.929,9.264
2025-01-03 03:00:00,7.179,8.044,7.135,7.754,10892070.17,6.929,9.264
2025-01-04 03:00:00,7.753,7.882,7.604,7.677,5399719.09,6.929,9.264
2025-01-05 03:00:00,7.678,7.735,7.46,7.671,3864962.36,6.929,9.204
2025-01-06 03:00:00,7.672,7.988,7.54,7.768,7081416.98,6.929,8.972
2025-01-07 03:00:00,7.77,7.888,7.006,7.014,12003377.11,6.929,8.545
2025-01-08 03:00:00,7.013,7.136,6.421,6.76,12158592.89,6.929,8.044
2025-01-09 03:00:00,6.759,6.847,6.454,6.559,7236598.9,6.929,8.044
2025-01-10 03:00:00,6.558,6.81,6.539,6.746,1857921.01,6.847,8.044
